{"config_name": "recursive_grid_DOGEUSDT_1096days",
 "logging_level": 0,
 "long": {"auto_unstuck_ema_dist": 0.0009488921074124593,
          "auto_unstuck_wallet_exposure_threshold": 0.04717878925446843,
          "backwards_tp": true,
          "ddown_factor": 3.3968711474440623,
          "ema_span_0": 303.3318860483899,
          "ema_span_1": 35.88652961742353,
          "enabled": true,
          "initial_eprice_ema_dist": -0.1,
          "initial_qty_pct": 0.01069652779337934,
          "markup_range": 0.013126254467430258,
          "min_markup": 0.00270102246370465,
          "n_close_orders": 2,
          "rentry_pprice_dist": 0.02981074368609765,
          "rentry_pprice_dist_wallet_exposure_weighting": 0.0,
          "wallet_exposure_limit": 0.2},
 "short": {"auto_unstuck_ema_dist": -0.09633999601760038,
           "auto_unstuck_wallet_exposure_threshold": 0.08669151877623893,
           "backwards_tp": true,
           "ddown_factor": 1.8041980079229405,
           "ema_span_0": 1422.750198646122,
           "ema_span_1": 302.08462886585204,
           "enabled": false,
           "initial_eprice_ema_dist": -0.05424381936069153,
           "initial_qty_pct": 0.013729456710906973,
           "markup_range": 0.036254150562108095,
           "min_markup": 0.004944199397841405,
           "n_close_orders": 7,
           "rentry_pprice_dist": 0.036818650180674636,
           "rentry_pprice_dist_wallet_exposure_weighting": 12.597390732906016,
           "wallet_exposure_limit": 1.0}}
