{"config_name": "clock_LINAUSDT_804days",
 "long": {"backwards_tp": true,
          "delay_between_fills_minutes_close": 1033.8404281271612,
          "delay_between_fills_minutes_entry": 1231.8321742388027,
          "delay_weight_close": 4.89503055065546,
          "delay_weight_entry": 7.772521533406125,
          "ema_dist_close": -0.0048585131119618305,
          "ema_dist_entry": -0.0017378300153299553,
          "ema_span_0": 1259.7045318201401,
          "ema_span_1": 1111.325704558155,
          "enabled": true,
          "markup_range": 0.0441492303820727,
          "min_markup": 0.008414377554489915,
          "n_close_orders": 12,
          "qty_pct_close": 0.02964196744725779,
          "qty_pct_entry": 0.010798389017643328,
          "wallet_exposure_limit": 1,
          "we_multiplier_close": 0,
          "we_multiplier_entry": 35.185036467236834},
 "short": {"backwards_tp": true,
           "delay_between_fills_minutes_close": 1214.6821116930494,
           "delay_between_fills_minutes_entry": 139.96588494509882,
           "delay_weight_close": 37.07723154634823,
           "delay_weight_entry": 8.751724817234907,
           "ema_dist_close": -0.03854334461030115,
           "ema_dist_entry": -0.03724820743537839,
           "ema_span_0": 504.8645093793961,
           "ema_span_1": 522.8253709748424,
           "enabled": false,
           "markup_range": 0.051475419169233136,
           "min_markup": 0.006041690169409532,
           "n_close_orders": 12,
           "qty_pct_close": 0.06591959425425688,
           "qty_pct_entry": 0.010571336700796827,
           "wallet_exposure_limit": 1.0,
           "we_multiplier_close": 71.25055484978154,
           "we_multiplier_entry": 54.608384598236725}}