{"config_name": "recursive_grid_ONEUSDT_805days",
 "logging_level": 0,
 "long": {"auto_unstuck_ema_dist": -0.005181211238589492,
          "auto_unstuck_wallet_exposure_threshold": 0.043560563749258305,
          "backwards_tp": true,
          "ddown_factor": 0.9436190106359605,
          "ema_span_0": 1906.6294110040456,
          "ema_span_1": 356.9016055683254,
          "enabled": true,
          "initial_eprice_ema_dist": -0.06915272254680083,
          "initial_qty_pct": 0.0112508772106794,
          "markup_range": 0.006950584585961152,
          "min_markup": 0.003835081050333316,
          "n_close_orders": 7,
          "rentry_pprice_dist": 0.041091907839038606,
          "rentry_pprice_dist_wallet_exposure_weighting": 0.9294437906266038,
          "wallet_exposure_limit": 0.8109350430989767},
 "short": {"auto_unstuck_ema_dist": -0.00020203038621731395,
           "auto_unstuck_wallet_exposure_threshold": 0.041281362944326425,
           "backwards_tp": true,
           "ddown_factor": 2.7193806823686555,
           "ema_span_0": 1065.399032475626,
           "ema_span_1": 1178.9425536252238,
           "enabled": false,
           "initial_eprice_ema_dist": -0.08202041831850992,
           "initial_qty_pct": 0.0401537067786772,
           "markup_range": 0.03615106355544734,
           "min_markup": 0.009935492789381998,
           "n_close_orders": 8,
           "rentry_pprice_dist": 0.024031665679193296,
           "rentry_pprice_dist_wallet_exposure_weighting": 16.564708848196837,
           "wallet_exposure_limit": 1.0}}