{"config_name": "recursive_grid_OPUSDT_378days",
 "logging_level": 0,
 "long": {"auto_unstuck_ema_dist": 0.004023626479774527,
          "auto_unstuck_wallet_exposure_threshold": 0.009490805456635842,
          "backwards_tp": true,
          "ddown_factor": 0.5052622849198746,
          "ema_span_0": 61.43750677419473,
          "ema_span_1": 11.622606249771286,
          "enabled": true,
          "initial_eprice_ema_dist": -0.1,
          "initial_qty_pct": 0.009971776680694022,
          "markup_range": 0.032819895840655915,
          "min_markup": 0.0015468485840662957,
          "n_close_orders": 20,
          "rentry_pprice_dist": 0.03274743111990294,
          "rentry_pprice_dist_wallet_exposure_weighting": 0.0,
          "wallet_exposure_limit": 1.0},
 "short": {"auto_unstuck_ema_dist": -0.06460095128440524,
           "auto_unstuck_wallet_exposure_threshold": 0.0782698668765539,
           "backwards_tp": true,
           "ddown_factor": 2.550669155515805,
           "ema_span_0": 578.5230269346955,
           "ema_span_1": 721.2284588401905,
           "enabled": false,
           "initial_eprice_ema_dist": -0.09850535450891827,
           "initial_qty_pct": 0.03131775480141862,
           "markup_range": 0.029846556919483878,
           "min_markup": 0.0029550629509623987,
           "n_close_orders": 3,
           "rentry_pprice_dist": 0.007090246582450301,
           "rentry_pprice_dist_wallet_exposure_weighting": 2.805432563475616,
           "wallet_exposure_limit": 1.0}}
