{"config_name": "recursive_grid_OPUSDT_364days",
 "logging_level": 0,
 "long": {"auto_unstuck_ema_dist": 0.01706341549016863,
          "auto_unstuck_wallet_exposure_threshold": 0.07145535685888445,
          "backwards_tp": true,
          "ddown_factor": 1.0245755389615088,
          "ema_span_0": 637.7617748980899,
          "ema_span_1": 542.5514824426093,
          "enabled": true,
          "initial_eprice_ema_dist": 0.0027012178461692524,
          "initial_qty_pct": 0.016501275162048093,
          "markup_range": 0.010382741763167237,
          "min_markup": 0.009897589996590902,
          "n_close_orders": 6,
          "rentry_pprice_dist": 0.028977477366971937,
          "rentry_pprice_dist_wallet_exposure_weighting": 0.4543471607721648,
          "wallet_exposure_limit": 0.3},
 "short": {"auto_unstuck_ema_dist": -0.04018254655228605,
           "auto_unstuck_wallet_exposure_threshold": 0.04858173508830771,
           "backwards_tp": true,
           "ddown_factor": 2.4868062715387564,
           "ema_span_0": 1289.4807763817014,
           "ema_span_1": 693.6963974905622,
           "enabled": false,
           "initial_eprice_ema_dist": -0.022980685395671566,
           "initial_qty_pct": 0.03541017478000505,
           "markup_range": 0.05483580200159056,
           "min_markup": 0.0030490284309454534,
           "n_close_orders": 8,
           "rentry_pprice_dist": 0.014054713439838908,
           "rentry_pprice_dist_wallet_exposure_weighting": 0.883509587013851,
           "wallet_exposure_limit": 1.0}}