{"analysis": {"adg": 0.02035861864734802,
              "drawdown_worst": 0.3841530391639499,
              "equity_balance_diff_max": 0.4595287241971462,
              "equity_balance_diff_mean": 0.008755824901213244,
              "loss_profit_ratio": 0.16938786124300786,
              "n_iters": 27614,
              "sharpe_ratio": 0.6334321805349992,
              "w_adg": -0.02035861864734802,
              "w_sharpe_ratio": -0.6334321805349992},
 "backtest": {"base_dir": "backtests",
              "end_date": "now",
              "exchange": "bybit",
              "start_date": "2023-01-01",
              "starting_balance": 100000},
 "bot": {"long": {"close_grid_markup_range": 0.007599021325072478,
                  "close_grid_min_markup": 0.002313930580176529,
                  "close_grid_qty_pct": 0.28493673774650896,
                  "close_trailing_grid_ratio": 0.08877298807685086,
                  "close_trailing_retracement_pct": 0.0811735503970959,
                  "close_trailing_threshold_pct": -0.09625399406696775,
                  "ema_span_0": 529.7196910291873,
                  "ema_span_1": 690.0279781667132,
                  "entry_grid_double_down_factor": 2.8959145741138865,
                  "entry_grid_spacing_pct": 0.04639399796276492,
                  "entry_grid_spacing_weight": 0.9974467444870553,
                  "entry_initial_ema_dist": -0.05997222334947501,
                  "entry_initial_qty_pct": 0.046231113466675515,
                  "entry_trailing_grid_ratio": -0.2271427071908653,
                  "entry_trailing_retracement_pct": 0.032899647167762766,
                  "entry_trailing_threshold_pct": 0.05107399599304377,
                  "n_positions": 1.0075685247088682,
                  "total_wallet_exposure_limit": 2.317537796070015,
                  "unstuck_close_pct": 0.09759355811554951,
                  "unstuck_ema_dist": -0.06178207123557766,
                  "unstuck_loss_allowance_pct": 0.0270958356828679,
                  "unstuck_threshold": 0.4928550184847148},
         "short": {"close_grid_markup_range": 0.02952480860012225,
                   "close_grid_min_markup": 0.00952294468623727,
                   "close_grid_qty_pct": 0.13622994986492887,
                   "close_trailing_grid_ratio": 0.021543076770105862,
                   "close_trailing_retracement_pct": 0.05785735069658856,
                   "close_trailing_threshold_pct": 0.03893567422019484,
                   "ema_span_0": 957.5246952267667,
                   "ema_span_1": 617.6571804328556,
                   "entry_grid_double_down_factor": 0.1944729772930126,
                   "entry_grid_spacing_pct": 0.08143635627281982,
                   "entry_grid_spacing_weight": 0.6639326542938175,
                   "entry_initial_ema_dist": -0.08501943299458553,
                   "entry_initial_qty_pct": 0.01946472984505835,
                   "entry_trailing_grid_ratio": -0.7839811079401073,
                   "entry_trailing_retracement_pct": 0.09687384272356803,
                   "entry_trailing_threshold_pct": -0.04761436212201654,
                   "n_positions": 17.77012707137521,
                   "total_wallet_exposure_limit": 0.07742111405503024,
                   "unstuck_close_pct": 0.03176447268166146,
                   "unstuck_ema_dist": -0.03605981146049966,
                   "unstuck_loss_allowance_pct": 0.043173527577522026,
                   "unstuck_threshold": 0.5031890440399271}},
 "common": {"approved_symbols": ["1000000MOGUSDT",
                                 "10000SATSUSDT",
                                 "1000BONKUSDT",
                                 "1000FLOKIUSDT",
                                 "1000PEPEUSDT",
                                 "1000RATSUSDT",
                                 "1000TURBOUSDT",
                                 "ADAUSDT",
                                 "ALTUSDT",
                                 "ARBUSDT",
                                 "AVAILUSDT",
                                 "AVAXUSDT",
                                 "BCHUSDT",
                                 "BNBUSDT",
                                 "BONDUSDT",
                                 "BRETTUSDT",
                                 "COTIUSDT",
                                 "CRVUSDT",
                                 "CVXUSDT",
                                 "DOGEUSDT",
                                 "DOTUSDT",
                                 "DYDXUSDT",
                                 "ENAUSDT",
                                 "ENSUSDT",
                                 "EOSUSDT",
                                 "ETCUSDT",
                                 "ETHFIUSDT",
                                 "FTMUSDT",
                                 "GALAUSDT",
                                 "INJUSDT",
                                 "JASMYUSDT",
                                 "JUPUSDT",
                                 "LDOUSDT",
                                 "LINKUSDT",
                                 "LTCUSDT",
                                 "MATICUSDT",
                                 "MEWUSDT",
                                 "MKRUSDT",
                                 "MYROUSDT",
                                 "NEARUSDT",
                                 "NOTUSDT",
                                 "ONDOUSDT",
                                 "OPUSDT",
                                 "ORDIUSDT",
                                 "PEOPLEUSDT",
                                 "POPCATUSDT",
                                 "RUNEUSDT",
                                 "SEIUSDT",
                                 "SHIB1000USDT",
                                 "SLERFUSDT",
                                 "STMXUSDT",
                                 "STRKUSDT",
                                 "STXUSDT",
                                 "SUIUSDT",
                                 "TAIKOUSDT",
                                 "TAOUSDT",
                                 "TIAUSDT",
                                 "TONUSDT",
                                 "TRBUSDT",
                                 "UNIUSDT",
                                 "WIFUSDT",
                                 "WLDUSDT",
                                 "XRPUSDT",
                                 "ZKUSDT",
                                 "ZROUSDT"],
            "minimum_market_age_days": 7,
            "n_ohlcvs": 100,
            "ohlcv_interval": "15m",
            "relative_volume_filter_clip_pct": 0.1,
            "symbol_flags": {}},
 "live": {"auto_gs": true,
          "execution_delay_seconds": 2,
          "filter_by_min_effective_cost": true,
          "forced_mode_long": "",
          "forced_mode_short": "",
          "ignored_symbols": [],
          "leverage": 10,
          "max_n_cancellations_per_batch": 5,
          "max_n_creations_per_batch": 3,
          "pnls_max_lookback_days": 30,
          "price_distance_threshold": 0.002,
          "user": "bybit_01"},
 "optimize": {"bounds": {"long_close_grid_markup_range": [0, 0.03],
                         "long_close_grid_min_markup": [0.001, 0.03],
                         "long_close_grid_qty_pct": [0.05, 1],
                         "long_close_trailing_grid_ratio": [-1, 1],
                         "long_close_trailing_retracement_pct": [0, 0.1],
                         "long_close_trailing_threshold_pct": [-0.1, 0.1],
                         "long_ema_span_0": [200, 1440],
                         "long_ema_span_1": [200, 1440],
                         "long_entry_grid_double_down_factor": [0.1, 3],
                         "long_entry_grid_spacing_pct": [0.005, 0.12],
                         "long_entry_grid_spacing_weight": [0, 2],
                         "long_entry_initial_ema_dist": [-0.1, 0.002],
                         "long_entry_initial_qty_pct": [0.005, 0.1],