{"analysis": {"adg": 0.008425286091487103,
              "drawdown_worst": 0.4426738183931716,
              "equity_balance_diff_max": 0.5384829846555268,
              "equity_balance_diff_mean": 0.009236887591649994,
              "loss_profit_ratio": 0.35061752109125416,
              "n_iters": 27487,
              "sharpe_ratio": 0.42959930569359006,
              "w_adg": -0.008425286091487103,
              "w_sharpe_ratio": -0.42959930569359006},
 "backtest": {"base_dir": "backtests",
              "end_date": "now",
              "exchange": "bybit",
              "start_date": "2024-01-01",
              "starting_balance": 100000},
 "bot": {"long": {"close_grid_markup_range": 0.000719872396857244,
                  "close_grid_min_markup": 0.01780672348467498,
                  "close_grid_qty_pct": 0.805856350137253,
                  "close_trailing_grid_ratio": 0.348299748060634,
                  "close_trailing_retracement_pct": 0.06744695452491464,
                  "close_trailing_threshold_pct": -0.06471391255055707,
                  "ema_span_0": 454.53842616137325,
                  "ema_span_1": 978.5440079245831,
                  "entry_grid_double_down_factor": 2.7101250957239085,
                  "entry_grid_spacing_pct": 0.060041395722577225,
                  "entry_grid_spacing_weight": 0.9606987752073958,
                  "entry_initial_ema_dist": -0.060276852509721916,
                  "entry_initial_qty_pct": 0.0402620355538824,
                  "entry_trailing_grid_ratio": -0.3411921101786628,
                  "entry_trailing_retracement_pct": 0.0034022762798416074,
                  "entry_trailing_threshold_pct": 0.0023778399719312365,
                  "n_positions": 4.996267915462264,
                  "total_wallet_exposure_limit": 1.8871418734232235,
                  "unstuck_close_pct": 0.07677033272071372,
                  "unstuck_ema_dist": 0.009528560431743995,
                  "unstuck_loss_allowance_pct": 0.041601877375481246,
                  "unstuck_threshold": 0.6253799129141189},
         "short": {"close_grid_markup_range": 0.025585975700878987,
                   "close_grid_min_markup": 0.02442321717421525,
                   "close_grid_qty_pct": 0.6188630731881283,
                   "close_trailing_grid_ratio": 0.6720735330377313,
                   "close_trailing_retracement_pct": 0.06289098547120317,
                   "close_trailing_threshold_pct": 0.08528655464829889,
                   "ema_span_0": 902.3867384979159,
                   "ema_span_1": 846.2074160125326,
                   "entry_grid_double_down_factor": 0.5328969366789078,
                   "entry_grid_spacing_pct": 0.11410704685965602,
                   "entry_grid_spacing_weight": 1.9323026196573632,
                   "entry_initial_ema_dist": -0.0027597422493599822,
                   "entry_initial_qty_pct": 0.04853159740036886,
                   "entry_trailing_grid_ratio": -0.6259598271146662,
                   "entry_trailing_retracement_pct": 0.004103234629890729,
                   "entry_trailing_threshold_pct": 0.05390156368859415,
                   "n_positions": 1.235813257477157,
                   "total_wallet_exposure_limit": 1.017744734875583,
                   "unstuck_close_pct": 0.05073451111289086,
                   "unstuck_ema_dist": -0.06911136296014984,
                   "unstuck_loss_allowance_pct": 0.010996357249324669,
                   "unstuck_threshold": 0.8206772933888752}},
 "common": {"approved_symbols": ["AAVEUSDT",
                                 "ADAUSDT",
                                 "ALGOUSDT",
                                 "ALICEUSDT",
                                 "ALPHAUSDT",
                                 "ATOMUSDT",
                                 "AVAXUSDT",
                                 "BALUSDT",
                                 "BANDUSDT",
                                 "BATUSDT",
                                 "BLZUSDT",
                                 "BONDUSDT",
                                 "COMPUSDT",
                                 "CRVUSDT",
                                 "DASHUSDT",
                                 "DOGEUSDT",
                                 "DOTUSDT",
                                 "EGLDUSDT",
                                 "ENJUSDT",
                                 "FILUSDT",
                                 "FLMUSDT",
                                 "FTMUSDT",
                                 "GALAUSDT",
                                 "HIGHUSDT",
                                 "ICXUSDT",
                                 "INJUSDT",
                                 "LINKUSDT",
                                 "LTCUSDT",
                                 "MATICUSDT",
                                 "NEARUSDT",
                                 "OPUSDT",
                                 "ORDIUSDT",
                                 "PEOPLEUSDT",
                                 "SHIB1000USDT",
                                 "SOLUSDT",
                                 "TRBUSDT",
                                 "USTCUSDT",
                                 "WLDUSDT",
                                 "XRPUSDT"],
            "minimum_market_age_days": 7,
            "n_ohlcvs": 100,
            "ohlcv_interval": "15m",
            "relative_volume_filter_clip_pct": 0.1,
            "symbol_flags": {}},
 "live": {"auto_gs": true,
          "execution_delay_seconds": 2,
          "filter_by_min_effective_cost": true,
          "forced_mode_long": "",
          "forced_mode_short": "",
          "ignored_symbols": [],
          "leverage": 10,
          "max_n_cancellations_per_batch": 5,
          "max_n_creations_per_batch": 3,
          "pnls_max_lookback_days": 30,
          "price_distance_threshold": 0.002,
          "user": "bybit_01"},
 "optimize": {"bounds": {"long_close_grid_markup_range": [0, 0.03],
                         "long_close_grid_min_markup": [0.001, 0.03],
                         "long_close_grid_qty_pct": [0.05, 1],
                         "long_close_trailing_grid_ratio": [-1, 1],
                         "long_close_trailing_retracement_pct": [0, 0.1],
                         "long_close_trailing_threshold_pct": [-0.1, 0.1],
                         "long_ema_span_0": [200, 1440],
                         "long_ema_span_1": [200, 1440],
                         "long_entry_grid_double_down_factor": [0.1, 3],
                         "long_entry_grid_spacing_pct": [0.005, 0.12],
                         "long_entry_grid_spacing_weight": [0, 2],
                         "long_entry_initial_ema_dist": [-0.1, 0.002],
                         "long_entry_initial_qty_pct": [0.005, 0.1],
                         "long_entry_trailing_grid_ratio": [-1, 1],
                         "long_entry_trailing_retracement_pct": [0, 0.1],
                         "long_entry_trailing_threshold_pct": [-0.1, 0.1],
                         "long_n_positions": [1, 20],
                         "long_total_wallet_exposure_limit": [0, 2],
                         "long_unstuck_close_pct": [0.001, 0.1],
                         "long_unstuck_ema_dist": [-0.1, 0.01],
                         "long_unstuck_loss_allowance_pct": [0.001, 0.05],
                         "long_unstuck_threshold": [0.4, 0.95],
                         "short_close_grid_markup_range": [0, 0.03],
                         "short_close_grid_min_markup": [0.001, 0.03],
                         "short_close_grid_qty_pct": [0.05, 1],
                         "short_close_trailing_grid_ratio": [-1, 1],
                         "short_close_trailing_retracement_pct": [0, 0.1],
                         "short_close_trailing_threshold_pct": [-0.1, 0.1],
                         "short_ema_span_0": [200, 1440],
                         "short_ema_span_1": [200, 1440],