{"analysis": {"adg": 0.0453066469274481,
              "drawdown_worst": 0.44610168887518414,
              "equity_balance_diff_max": 0.5680068304540323,
              "equity_balance_diff_mean": 0.009086836299215148,
              "loss_profit_ratio": 0.08984767330880955,
              "n_iters": 27544,
              "sharpe_ratio": 1.034501147869134,
              "w_adg": -0.0453066469274481,
              "w_sharpe_ratio": -1.034501147869134},
 "backtest": {"base_dir": "backtests",
              "end_date": "now",
              "exchange": "bybit",
              "start_date": "2024-01-01",
              "starting_balance": 100000},
 "bot": {"long": {"close_grid_markup_range": 0.0037489488426850257,
                  "close_grid_min_markup": 0.0027940748638183755,
                  "close_grid_qty_pct": 0.8121453867957744,
                  "close_trailing_grid_ratio": 0.08965039347462128,
                  "close_trailing_retracement_pct": 0.05790881113084285,
                  "close_trailing_threshold_pct": 0.003762078409049331,
                  "ema_span_0": 200.29875452942554,
                  "ema_span_1": 372.76675190530256,
                  "entry_grid_double_down_factor": 0.3631682790179626,
                  "entry_grid_spacing_pct": 0.022670981987841364,
                  "entry_grid_spacing_weight": 0.2040817616142962,
                  "entry_initial_ema_dist": -0.07814517833690769,
                  "entry_initial_qty_pct": 0.05062432583112747,
                  "entry_trailing_grid_ratio": -0.0871257648642372,
                  "entry_trailing_retracement_pct": 0.044718608203353084,
                  "entry_trailing_threshold_pct": 0.07357771480077818,
                  "n_positions": 1.0360919672411502,
                  "total_wallet_exposure_limit": 1.9920037006114404,
                  "unstuck_close_pct": 0.09684836353312073,
                  "unstuck_ema_dist": -0.01004610808273924,
                  "unstuck_loss_allowance_pct": 0.025328971743385678,
                  "unstuck_threshold": 0.48148077281801865},
         "short": {"close_grid_markup_range": 0.014467562819187636,
                   "close_grid_min_markup": 0.02931108917158947,
                   "close_grid_qty_pct": 0.8928506710179607,
                   "close_trailing_grid_ratio": 0.3784100257747203,
                   "close_trailing_retracement_pct": 0.07762607541994292,
                   "close_trailing_threshold_pct": 0.09015719712185577,
                   "ema_span_0": 674.8610617484966,
                   "ema_span_1": 423.3922861783636,
                   "entry_grid_double_down_factor": 0.9580970437780248,
                   "entry_grid_spacing_pct": 0.11149430903977009,
                   "entry_grid_spacing_weight": 1.4921247327269263,
                   "entry_initial_ema_dist": -0.012460216611336524,
                   "entry_initial_qty_pct": 0.01939423314909447,
                   "entry_trailing_grid_ratio": 0.7133771505959446,
                   "entry_trailing_retracement_pct": 0.07896789581006537,
                   "entry_trailing_threshold_pct": -0.06446398871588012,
                   "n_positions": 18.02535711711105,
                   "total_wallet_exposure_limit": 0.021161956908637224,
                   "unstuck_close_pct": 0.06057562701511511,
                   "unstuck_ema_dist": -0.060088815324756364,
                   "unstuck_loss_allowance_pct": 0.033731530637792814,
                   "unstuck_threshold": 0.8056583022319329}},
 "common": {"approved_symbols": ["1000000MOGUSDT",
                                 "10000SATSUSDT",
                                 "1000BONKUSDT",
                                 "1000FLOKIUSDT",
                                 "1000PEPEUSDT",
                                 "1000RATSUSDT",
                                 "1000TURBOUSDT",
                                 "ADAUSDT",
                                 "ALTUSDT",
                                 "ARBUSDT",
                                 "AVAILUSDT",
                                 "AVAXUSDT",
                                 "BCHUSDT",
                                 "BNBUSDT",
                                 "BONDUSDT",
                                 "BRETTUSDT",
                                 "COTIUSDT",
                                 "CRVUSDT",
                                 "CVXUSDT",
                                 "DOGEUSDT",
                                 "DOTUSDT",
                                 "DYDXUSDT",
                                 "ENAUSDT",
                                 "ENSUSDT",
                                 "EOSUSDT",
                                 "ETCUSDT",
                                 "ETHFIUSDT",
                                 "FTMUSDT",
                                 "GALAUSDT",
                                 "INJUSDT",
                                 "JASMYUSDT",
                                 "JUPUSDT",
                                 "LDOUSDT",
                                 "LINKUSDT",
                                 "LTCUSDT",
                                 "MATICUSDT",
                                 "MEWUSDT",
                                 "MKRUSDT",
                                 "MYROUSDT",
                                 "NEARUSDT",
                                 "NOTUSDT",
                                 "ONDOUSDT",
                                 "OPUSDT",
                                 "ORDIUSDT",
                                 "PEOPLEUSDT",
                                 "POPCATUSDT",
                                 "RUNEUSDT",
                                 "SEIUSDT",
                                 "SHIB1000USDT",
                                 "SLERFUSDT",
                                 "STMXUSDT",
                                 "STRKUSDT",
                                 "STXUSDT",
                                 "SUIUSDT",
                                 "TAIKOUSDT",
                                 "TAOUSDT",
                                 "TIAUSDT",
                                 "TONUSDT",
                                 "TRBUSDT",
                                 "UNIUSDT",
                                 "WIFUSDT",
                                 "WLDUSDT",
                                 "XRPUSDT",
                                 "ZKUSDT",
                                 "ZROUSDT"],
            "minimum_market_age_days": 7,
            "n_ohlcvs": 100,
            "ohlcv_interval": "15m",
            "relative_volume_filter_clip_pct": 0.1,
            "symbol_flags": {}},
 "live": {"auto_gs": true,
          "execution_delay_seconds": 2,
          "filter_by_min_effective_cost": true,
          "forced_mode_long": "",
          "forced_mode_short": "",
          "ignored_symbols": [],
          "leverage": 10,
          "max_n_cancellations_per_batch": 5,
          "max_n_creations_per_batch": 3,
          "pnls_max_lookback_days": 30,
          "price_distance_threshold": 0.002,
          "user": "bybit_01"},
 "optimize": {"bounds": {"long_close_grid_markup_range": [0, 0.03],
                         "long_close_grid_min_markup": [0.001, 0.03],
                         "long_close_grid_qty_pct": [0.05, 1],
                         "long_close_trailing_grid_ratio": [-1, 1],
                         "long_close_trailing_retracement_pct": [0, 0.1],
                         "long_close_trailing_threshold_pct": [-0.1, 0.1],
                         "long_ema_span_0": [200, 1440],
                         "long_ema_span_1": [200, 1440],
                         "long_entry_grid_double_down_factor": [0.1, 3],
                         "long_entry_grid_spacing_pct": [0.005, 0.12],
                         "long_entry_grid_spacing_weight": [0, 2],
                         "long_entry_initial_ema_dist": [-0.1, 0.002],
                         "long_entry_initial_qty_pct": [0.005, 0.1],