{"analyses": {"bybit": {"adg": 0.0045038893607427955,
                        "calmar_ratio": 0.010035835497525557,
                        "drawdown_worst": 0.4487807080788917,
                        "drawdown_worst_mean_1pct": 0.31861457775685764,
                        "equity_balance_diff_max": 0.4469220293090502,
                        "equity_balance_diff_mean": 0.013447389601626922,
                        "expected_shortfall_1pct": 0.2768607940717645,
                        "loss_profit_ratio": 0.17088509430076584,
                        "mdg": 0.0008641443014798902,
                        "omega_ratio": 1.5991862075465917,
                        "sharpe_ratio": 0.08327927616666371,
                        "sortino_ratio": 0.08290501555963724,
                        "sterling_ratio": 0.014135854650630018}},
 "analyses_combined": {"adg_max": 0.0045038893607427955,
                       "adg_mean": 0.0045038893607427955,
                       "adg_min": 0.0045038893607427955,
                       "adg_std": 0.0,
                       "calmar_ratio_max": 0.010035835497525557,
                       "calmar_ratio_mean": 0.010035835497525557,
                       "calmar_ratio_min": 0.010035835497525557,
                       "calmar_ratio_std": 0.0,
                       "drawdown_worst_max": 0.4487807080788917,
                       "drawdown_worst_mean": 0.4487807080788917,
                       "drawdown_worst_mean_1pct_max": 0.31861457775685764,
                       "drawdown_worst_mean_1pct_mean": 0.31861457775685764,
                       "drawdown_worst_mean_1pct_min": 0.31861457775685764,
                       "drawdown_worst_mean_1pct_std": 0.0,
                       "drawdown_worst_min": 0.4487807080788917,
                       "drawdown_worst_std": 0.0,
                       "equity_balance_diff_max_max": 0.4469220293090502,
                       "equity_balance_diff_max_mean": 0.4469220293090502,
                       "equity_balance_diff_max_min": 0.4469220293090502,
                       "equity_balance_diff_max_std": 0.0,
                       "equity_balance_diff_mean_max": 0.013447389601626922,
                       "equity_balance_diff_mean_mean": 0.013447389601626922,
                       "equity_balance_diff_mean_min": 0.013447389601626922,
                       "equity_balance_diff_mean_std": 0.0,
                       "expected_shortfall_1pct_max": 0.2768607940717645,
                       "expected_shortfall_1pct_mean": 0.2768607940717645,
                       "expected_shortfall_1pct_min": 0.2768607940717645,
                       "expected_shortfall_1pct_std": 0.0,
                       "loss_profit_ratio_max": 0.17088509430076584,
                       "loss_profit_ratio_mean": 0.17088509430076584,
                       "loss_profit_ratio_min": 0.17088509430076584,
                       "loss_profit_ratio_std": 0.0,
                       "mdg_max": 0.0008641443014798902,
                       "mdg_mean": 0.0008641443014798902,
                       "mdg_min": 0.0008641443014798902,
                       "mdg_std": 0.0,
                       "n_iters": 23678,
                       "omega_ratio_max": 1.5991862075465917,
                       "omega_ratio_mean": 1.5991862075465917,
                       "omega_ratio_min": 1.5991862075465917,
                       "omega_ratio_std": 0.0,
                       "sharpe_ratio_max": 0.08327927616666371,
                       "sharpe_ratio_mean": 0.08327927616666371,
                       "sharpe_ratio_min": 0.08327927616666371,
                       "sharpe_ratio_std": 0.0,
                       "sortino_ratio_max": 0.08290501555963724,
                       "sortino_ratio_mean": 0.08290501555963724,
                       "sortino_ratio_min": 0.08290501555963724,
                       "sortino_ratio_std": 0.0,
                       "sterling_ratio_max": 0.014135854650630018,
                       "sterling_ratio_mean": 0.014135854650630018,
                       "sterling_ratio_min": 0.014135854650630018,
                       "sterling_ratio_std": 0.0,
                       "w_0": 6564.215721313442,
                       "w_1": 6564.202449603094},
 "backtest": {"base_dir": "backtests",
              "compress_cache": true,
              "end_date": "2024-12-22",
              "exchanges": ["bybit"],
              "start_date": "2021-10-01",
              "starting_balance": 10000,
              "symbols": {"bybit": ["DOGEUSDT", "SHIB1000USDT"]}},
 "bot": {"long": {"close_grid_markup_range": 0.008,
                  "close_grid_min_markup": 0.01,
                  "close_grid_qty_pct": 1,
                  "close_trailing_grid_ratio": 0,
                  "close_trailing_qty_pct": 0,
                  "close_trailing_retracement_pct": 0,
                  "close_trailing_threshold_pct": 0,
                  "ema_span_0": 1360.9020039842612,
                  "ema_span_1": 466.779209368519,
                  "entry_grid_double_down_factor": 1.5,
                  "entry_grid_spacing_pct": 0.009843180617498186,
                  "entry_grid_spacing_weight": 11.42100733098896,
                  "entry_initial_ema_dist": 0.0029246985440977225,
                  "entry_initial_qty_pct": 0.01,
                  "entry_trailing_grid_ratio": 0,
                  "entry_trailing_retracement_pct": 0,
                  "entry_trailing_threshold_pct": 0,
                  "filter_relative_volume_clip_pct": 0.5598476263615562,
                  "filter_rolling_window": 179.63037219198063,
                  "n_positions": 2,
                  "total_wallet_exposure_limit": 2,
                  "unstuck_close_pct": 0.04558964360532517,
                  "unstuck_ema_dist": -0.08502222060038607,
                  "unstuck_loss_allowance_pct": 0.009874451867143917,
                  "unstuck_threshold": 0.8154063884519185},
         "short": {"close_grid_markup_range": 0.029181023451311024,
                   "close_grid_min_markup": 0.020511395202360935,
                   "close_grid_qty_pct": 0.2441505566050534,
                   "close_trailing_grid_ratio": 0.6131606819412684,
                   "close_trailing_qty_pct": 0.8162968695035849,
                   "close_trailing_retracement_pct": 0.051470670861379485,
                   "close_trailing_threshold_pct": 0.053150452873292744,
                   "ema_span_0": 290.8456373252761,
                   "ema_span_1": 1414.3572501178332,
                   "entry_grid_double_down_factor": 1.7451667869451286,
                   "entry_grid_spacing_pct": 0.020328926575887342,
                   "entry_grid_spacing_weight": 2.527956642894034,
                   "entry_initial_ema_dist": -0.07671343026245787,
                   "entry_initial_qty_pct": 0.028129556654532695,
                   "entry_trailing_grid_ratio": 0.8688030409211897,
                   "entry_trailing_retracement_pct": 0.0033884485897047317,
                   "entry_trailing_threshold_pct": 0.06722074978590153,
                   "filter_relative_volume_clip_pct": 0.04676396651667393,
                   "filter_rolling_window": 132.0894885485482,
                   "n_positions": 0,
                   "total_wallet_exposure_limit": 0,
                   "unstuck_close_pct": 0.032758570340889935,
                   "unstuck_ema_dist": -0.01935094281741636,
                   "unstuck_loss_allowance_pct": 0.021526436548731483,
                   "unstuck_threshold": 0.5481758535548041}},
 "live": {"approved_coins": {"long": ["DOGE", "1000SHIB"],
                             "short": ["DOGE", "1000SHIB"]},
          "auto_gs": true,
          "coin_flags": {},
          "empty_means_all_approved": true,
          "execution_delay_seconds": 2,
          "filter_by_min_effective_cost": true,
          "forced_mode_long": "",
          "forced_mode_short": "",