{"analysis": {"adg": 0.0008873371019718871,
              "drawdown_worst": 0.17100968228269062,
              "equity_balance_diff_max": 0.17825687947316368,
              "equity_balance_diff_mean": 0.007314256863588219,
              "loss_profit_ratio": 0.17394250655756185,
              "n_iters": 1383,
              "sharpe_ratio": 0.13426206924799267,
              "w_adg": -0.0008873371019718871,
              "w_sharpe_ratio": -0.13426206924799267},
 "backtest": {"base_dir": "backtests",
              "end_date": "now",
              "exchange": "bybit",
              "start_date": "2021-01-01",
              "starting_balance": 100000},
 "bot": {"long": {"close_grid_markup_range": 0.009526885899431186,
                  "close_grid_min_markup": 0.010309272832068903,
                  "close_grid_qty_pct": 0.4521601199587655,
                  "close_trailing_grid_ratio": 0.704216407182116,
                  "close_trailing_retracement_pct": 0.09062498231209083,
                  "close_trailing_threshold_pct": 0.07960987279007942,
                  "ema_span_0": 755.6850145352616,
                  "ema_span_1": 933.9543606744423,
                  "entry_grid_double_down_factor": 1.6485510487449748,
                  "entry_grid_spacing_pct": 0.111266151236173,
                  "entry_grid_spacing_weight": 1.2263009767790807,
                  "entry_initial_ema_dist": -0.04557254731292163,
                  "entry_initial_qty_pct": 0.0107532649023622,
                  "entry_trailing_grid_ratio": -0.407224424493562,
                  "entry_trailing_retracement_pct": 0.08012311135680371,
                  "entry_trailing_threshold_pct": 0.033445142849476944,
                  "n_positions": 10.72871869730696,
                  "total_wallet_exposure_limit": 0.8287259390386559,
                  "unstuck_close_pct": 0.09281216271585001,
                  "unstuck_ema_dist": -0.07350736295758321,
                  "unstuck_loss_allowance_pct": 0.0033045660701379394,
                  "unstuck_threshold": 0.9471461676321069},
         "short": {"close_grid_markup_range": 0.026373617765437646,
                   "close_grid_min_markup": 0.01983601384784593,
                   "close_grid_qty_pct": 0.7404644734862528,
                   "close_trailing_grid_ratio": -0.10979178759838448,
                   "close_trailing_retracement_pct": 0.03162117079794308,
                   "close_trailing_threshold_pct": -0.04872523705872907,
                   "ema_span_0": 800.5228167974336,
                   "ema_span_1": 689.6982177074088,
                   "entry_grid_double_down_factor": 2.095107663798809,
                   "entry_grid_spacing_pct": 0.08017468239011423,
                   "entry_grid_spacing_weight": 1.2222675992848897,
                   "entry_initial_ema_dist": -0.09577251938337217,
                   "entry_initial_qty_pct": 0.008388240588690553,
                   "entry_trailing_grid_ratio": 0.7439884705444926,
                   "entry_trailing_retracement_pct": 0.05715012988023215,
                   "entry_trailing_threshold_pct": -0.030910105215073355,
                   "n_positions": 4.49798498404386,
                   "total_wallet_exposure_limit": 0,
                   "unstuck_close_pct": 0.05237245012349933,
                   "unstuck_ema_dist": -0.008638743476622343,
                   "unstuck_loss_allowance_pct": 0.0174290189454038,
                   "unstuck_threshold": 0.4823044544215669}},
 "common": {"approved_symbols": ["1000000MOGUSDT",
                                 "10000SATSUSDT",
                                 "1000BONKUSDT",
                                 "1000FLOKIUSDT",
                                 "1000PEPEUSDT",
                                 "1000RATSUSDT",
                                 "1000TURBOUSDT",
                                 "ADAUSDT",
                                 "ALTUSDT",
                                 "ARBUSDT",
                                 "AVAILUSDT",
                                 "AVAXUSDT",
                                 "BCHUSDT",
                                 "BNBUSDT",
                                 "BONDUSDT",
                                 "BRETTUSDT",
                                 "COTIUSDT",
                                 "CRVUSDT",
                                 "CVXUSDT",
                                 "DOGEUSDT",
                                 "DOTUSDT",
                                 "DYDXUSDT",
                                 "ENAUSDT",
                                 "ENSUSDT",
                                 "EOSUSDT",
                                 "ETCUSDT",
                                 "ETHFIUSDT",
                                 "FTMUSDT",
                                 "GALAUSDT",
                                 "INJUSDT",
                                 "JASMYUSDT",
                                 "JUPUSDT",
                                 "LDOUSDT",
                                 "LINKUSDT",
                                 "LTCUSDT",
                                 "MATICUSDT",
                                 "MEWUSDT",
                                 "MKRUSDT",
                                 "MYROUSDT",
                                 "NEARUSDT",
                                 "NOTUSDT",
                                 "ONDOUSDT",
                                 "OPUSDT",
                                 "ORDIUSDT",
                                 "PEOPLEUSDT",
                                 "POPCATUSDT",
                                 "RUNEUSDT",
                                 "SEIUSDT",
                                 "SHIB1000USDT",
                                 "SLERFUSDT",
                                 "STMXUSDT",
                                 "STRKUSDT",
                                 "STXUSDT",
                                 "SUIUSDT",
                                 "TAIKOUSDT",
                                 "TAOUSDT",
                                 "TIAUSDT",
                                 "TONUSDT",
                                 "TRBUSDT",
                                 "UNIUSDT",
                                 "WIFUSDT",
                                 "WLDUSDT",
                                 "XRPUSDT",
                                 "ZKUSDT",
                                 "ZROUSDT"],
            "minimum_market_age_days": 7,
            "n_ohlcvs": 100,
            "ohlcv_interval": "15m",
            "relative_volume_filter_clip_pct": 0.1,
            "symbol_flags": {}},
 "live": {"auto_gs": true,
          "execution_delay_seconds": 2,
          "filter_by_min_effective_cost": true,
          "forced_mode_long": "",
          "forced_mode_short": "",
          "ignored_symbols": [],
          "leverage": 10,
          "max_n_cancellations_per_batch": 5,
          "max_n_creations_per_batch": 3,
          "pnls_max_lookback_days": 30,
          "price_distance_threshold": 0.002,
          "user": "bybit_01"},
 "optimize": {"bounds": {"long_close_grid_markup_range": [0, 0.03],
                         "long_close_grid_min_markup": [0.001, 0.03],
                         "long_close_grid_qty_pct": [0.05, 1],
                         "long_close_trailing_grid_ratio": [-1, 1],
                         "long_close_trailing_retracement_pct": [0, 0.1],
                         "long_close_trailing_threshold_pct": [-0.1, 0.1],
                         "long_ema_span_0": [200, 1440],
                         "long_ema_span_1": [200, 1440],
                         "long_entry_grid_double_down_factor": [0.1, 3],
                         "long_entry_grid_spacing_pct": [0.005, 0.12],
                         "long_entry_grid_spacing_weight": [0, 2],
                         "long_entry_initial_ema_dist": [-0.1, 0.002],
                         "long_entry_initial_qty_pct": [0.005, 0.1],