{"analyses": {"bybit": {"adg": 0.002286205160399875,
                        "calmar_ratio": 0.010079939997958403,
                        "drawdown_worst": 0.22680741759007736,
                        "drawdown_worst_mean_1pct": 0.14817616394550165,
                        "equity_balance_diff_max": 0.2286977212510364,
                        "equity_balance_diff_mean": 0.010722107527877412,
                        "expected_shortfall_1pct": 0.12795304355898016,
                        "loss_profit_ratio": 0.07184764727004782,
                        "mdg": 0.0011374730201235141,
                        "omega_ratio": 1.540971341068542,
                        "sharpe_ratio": 0.0924737395279487,
                        "sortino_ratio": 0.08047668749024771,
                        "sterling_ratio": 0.015428967112691138}},
 "analyses_combined": {"adg_max": 0.002286205160399875,
                       "adg_mean": 0.002286205160399875,
                       "adg_min": 0.002286205160399875,
                       "adg_std": 0.0,
                       "calmar_ratio_max": 0.010079939997958403,
                       "calmar_ratio_mean": 0.010079939997958403,
                       "calmar_ratio_min": 0.010079939997958403,
                       "calmar_ratio_std": 0.0,
                       "drawdown_worst_max": 0.22680741759007736,
                       "drawdown_worst_mean": 0.22680741759007736,
                       "drawdown_worst_mean_1pct_max": 0.14817616394550165,
                       "drawdown_worst_mean_1pct_mean": 0.14817616394550165,
                       "drawdown_worst_mean_1pct_min": 0.14817616394550165,
                       "drawdown_worst_mean_1pct_std": 0.0,
                       "drawdown_worst_min": 0.22680741759007736,
                       "drawdown_worst_std": 0.0,
                       "equity_balance_diff_max_max": 0.2286977212510364,
                       "equity_balance_diff_max_mean": 0.2286977212510364,
                       "equity_balance_diff_max_min": 0.2286977212510364,
                       "equity_balance_diff_max_std": 0.0,
                       "equity_balance_diff_mean_max": 0.010722107527877412,
                       "equity_balance_diff_mean_mean": 0.010722107527877412,
                       "equity_balance_diff_mean_min": 0.010722107527877412,
                       "equity_balance_diff_mean_std": 0.0,
                       "expected_shortfall_1pct_max": 0.12795304355898016,
                       "expected_shortfall_1pct_mean": 0.12795304355898016,
                       "expected_shortfall_1pct_min": 0.12795304355898016,
                       "expected_shortfall_1pct_std": 0.0,
                       "loss_profit_ratio_max": 0.07184764727004782,
                       "loss_profit_ratio_mean": 0.07184764727004782,
                       "loss_profit_ratio_min": 0.07184764727004782,
                       "loss_profit_ratio_std": 0.0,
                       "mdg_max": 0.0011374730201235141,
                       "mdg_mean": 0.0011374730201235141,
                       "mdg_min": 0.0011374730201235141,
                       "mdg_std": 0.0,
                       "n_iters": 392225,
                       "omega_ratio_max": 1.540971341068542,
                       "omega_ratio_mean": 1.540971341068542,
                       "omega_ratio_min": 1.540971341068542,
                       "omega_ratio_std": 0.0,
                       "sharpe_ratio_max": 0.0924737395279487,
                       "sharpe_ratio_mean": 0.0924737395279487,
                       "sharpe_ratio_min": 0.0924737395279487,
                       "sharpe_ratio_std": 0.0,
                       "sortino_ratio_max": 0.08047668749024771,
                       "sortino_ratio_mean": 0.08047668749024771,
                       "sortino_ratio_min": 0.08047668749024771,
                       "sortino_ratio_std": 0.0,
                       "sterling_ratio_max": 0.015428967112691138,
                       "sterling_ratio_mean": 0.015428967112691138,
                       "sterling_ratio_min": 0.015428967112691138,
                       "sterling_ratio_std": 0.0,
                       "w_0": -0.0011374730201235141,
                       "w_1": -0.015428967112691138},
 "backtest": {"base_dir": "backtests",
              "compress_cache": true,
              "end_date": "2024-12-22",
              "exchanges": ["bybit"],
              "start_date": "2021-10-01",
              "starting_balance": 10000,
              "symbols": {"bybit": ["DOGEUSDT", "SHIB1000USDT"]}},
 "bot": {"long": {"close_grid_markup_range": 0.005578188409231928,
                  "close_grid_min_markup": 0.0012810883432916725,
                  "close_grid_qty_pct": 0.38304880284574006,
                  "close_trailing_grid_ratio": 0,
                  "close_trailing_qty_pct": 0,
                  "close_trailing_retracement_pct": 0,
                  "close_trailing_threshold_pct": 0,
                  "ema_span_0": 268.57787564176624,
                  "ema_span_1": 383.3871678551628,
                  "entry_grid_double_down_factor": 2.1753651514561674,
                  "entry_grid_spacing_pct": 0.0121308195463378,
                  "entry_grid_spacing_weight": 4.635973184413188,
                  "entry_initial_ema_dist": 0.0008009982323721116,
                  "entry_initial_qty_pct": 0.0125,
                  "entry_trailing_grid_ratio": 0,
                  "entry_trailing_retracement_pct": 0,
                  "entry_trailing_threshold_pct": 0,
                  "filter_relative_volume_clip_pct": 0.3931691551086617,
                  "filter_rolling_window": 98.742272723484,
                  "n_positions": 2,
                  "total_wallet_exposure_limit": 1,
                  "unstuck_close_pct": 0.001006391202830444,
                  "unstuck_ema_dist": -0.09134920949607991,
                  "unstuck_loss_allowance_pct": 0.0004789726701018767,
                  "unstuck_threshold": 0.8843830384836805},
         "short": {"close_grid_markup_range": 0.007505738430078739,
                   "close_grid_min_markup": 0.019125152960779636,
                   "close_grid_qty_pct": 0.9844604442489939,
                   "close_trailing_grid_ratio": 0.5258054613760426,
                   "close_trailing_qty_pct": 0.8900966834266406,
                   "close_trailing_retracement_pct": 0.03809103014029,
                   "close_trailing_threshold_pct": 0.09805477857950115,
                   "ema_span_0": 379.0104898922093,
                   "ema_span_1": 1123.135714917696,
                   "entry_grid_double_down_factor": 2.7397525981513278,
                   "entry_grid_spacing_pct": 0.03674112245810365,
                   "entry_grid_spacing_weight": 4.884175199000264,
                   "entry_initial_ema_dist": -0.04666594861743199,
                   "entry_initial_qty_pct": 0.048317870248380676,
                   "entry_trailing_grid_ratio": 0.47149610600857955,
                   "entry_trailing_retracement_pct": 0.011312981600734181,
                   "entry_trailing_threshold_pct": -0.05947717311059013,
                   "filter_relative_volume_clip_pct": 0.7109917162353041,
                   "filter_rolling_window": 345.9268872383137,
                   "n_positions": 0,
                   "total_wallet_exposure_limit": 0,
                   "unstuck_close_pct": 0.044354497428349564,
                   "unstuck_ema_dist": -0.020958654315201657,
                   "unstuck_loss_allowance_pct": 0.04626183663691835,
                   "unstuck_threshold": 0.6318606893330734}},
 "live": {"approved_coins": {"long": ["DOGE", "1000SHIB"],
                             "short": ["DOGE", "1000SHIB"]},
          "auto_gs": true,
          "coin_flags": {},
          "empty_means_all_approved": true,
          "execution_delay_seconds": 2,
          "filter_by_min_effective_cost": true,
          "forced_mode_long": "",