{"analyses": {"bybit": {"adg": 0.005879360715532951,
                        "calmar_ratio": 0.010384310250084176,
                        "drawdown_worst": 0.5661772976674394,
                        "drawdown_worst_mean_1pct": 0.4632880065847126,
                        "equity_balance_diff_max": 0.5593826999362574,
                        "equity_balance_diff_mean": 0.054490221540786275,
                        "expected_shortfall_1pct": 0.3418686381610745,
                        "loss_profit_ratio": 0.18623073895694134,
                        "mdg": 0.003225244691813378,
                        "omega_ratio": 1.4254004127934896,
                        "sharpe_ratio": 0.08179710162784798,
                        "sortino_ratio": 0.078022636805447,
                        "sterling_ratio": 0.012690509212346521}},
 "analyses_combined": {"adg_max": 0.005879360715532951,
                       "adg_mean": 0.005879360715532951,
                       "adg_min": 0.005879360715532951,
                       "adg_std": 0.0,
                       "calmar_ratio_max": 0.010384310250084176,
                       "calmar_ratio_mean": 0.010384310250084176,
                       "calmar_ratio_min": 0.010384310250084176,
                       "calmar_ratio_std": 0.0,
                       "drawdown_worst_max": 0.5661772976674394,
                       "drawdown_worst_mean": 0.5661772976674394,
                       "drawdown_worst_mean_1pct_max": 0.4632880065847126,
                       "drawdown_worst_mean_1pct_mean": 0.4632880065847126,
                       "drawdown_worst_mean_1pct_min": 0.4632880065847126,
                       "drawdown_worst_mean_1pct_std": 0.0,
                       "drawdown_worst_min": 0.5661772976674394,
                       "drawdown_worst_std": 0.0,
                       "equity_balance_diff_max_max": 0.5593826999362574,
                       "equity_balance_diff_max_mean": 0.5593826999362574,
                       "equity_balance_diff_max_min": 0.5593826999362574,
                       "equity_balance_diff_max_std": 0.0,
                       "equity_balance_diff_mean_max": 0.054490221540786275,
                       "equity_balance_diff_mean_mean": 0.054490221540786275,
                       "equity_balance_diff_mean_min": 0.054490221540786275,
                       "equity_balance_diff_mean_std": 0.0,
                       "expected_shortfall_1pct_max": 0.3418686381610745,
                       "expected_shortfall_1pct_mean": 0.3418686381610745,
                       "expected_shortfall_1pct_min": 0.3418686381610745,
                       "expected_shortfall_1pct_std": 0.0,
                       "loss_profit_ratio_max": 0.18623073895694134,
                       "loss_profit_ratio_mean": 0.18623073895694134,
                       "loss_profit_ratio_min": 0.18623073895694134,
                       "loss_profit_ratio_std": 0.0,
                       "mdg_max": 0.003225244691813378,
                       "mdg_mean": 0.003225244691813378,
                       "mdg_min": 0.003225244691813378,
                       "mdg_std": 0.0,
                       "n_iters": 49738,
                       "omega_ratio_max": 1.4254004127934896,
                       "omega_ratio_mean": 1.4254004127934896,
                       "omega_ratio_min": 1.4254004127934896,
                       "omega_ratio_std": 0.0,
                       "sharpe_ratio_max": 0.08179710162784798,
                       "sharpe_ratio_mean": 0.08179710162784798,
                       "sharpe_ratio_min": 0.08179710162784798,
                       "sharpe_ratio_std": 0.0,
                       "sortino_ratio_max": 0.078022636805447,
                       "sortino_ratio_mean": 0.078022636805447,
                       "sortino_ratio_min": 0.078022636805447,
                       "sortino_ratio_std": 0.0,
                       "sterling_ratio_max": 0.012690509212346521,
                       "sterling_ratio_mean": 0.012690509212346521,
                       "sterling_ratio_min": 0.012690509212346521,
                       "sterling_ratio_std": 0.0,
                       "w_0": 19785.09682888716,
                       "w_1": 19785.08736362264},
 "backtest": {"base_dir": "backtests",
              "compress_cache": true,
              "end_date": "2024-12-23",
              "exchanges": ["bybit"],
              "start_date": "2021-10-01",
              "starting_balance": 10000,
              "symbols": {"bybit": ["DOGEUSDT", "SHIB1000USDT"]}},
 "bot": {"long": {"close_grid_markup_range": 0.03,
                  "close_grid_min_markup": 0.005,
                  "close_grid_qty_pct": 0.15,
                  "close_trailing_grid_ratio": 0,
                  "close_trailing_qty_pct": 0,
                  "close_trailing_retracement_pct": 0,
                  "close_trailing_threshold_pct": 0,
                  "ema_span_0": 1400.7131810870032,
                  "ema_span_1": 1098.673143747443,
                  "entry_grid_double_down_factor": 1.5,
                  "entry_grid_spacing_pct": 0.009691646564594843,
                  "entry_grid_spacing_weight": 14.78985308594228,
                  "entry_initial_ema_dist": 0.0006338922433956858,
                  "entry_initial_qty_pct": 0.01,
                  "entry_trailing_grid_ratio": 0,
                  "entry_trailing_retracement_pct": 0,
                  "entry_trailing_threshold_pct": 0,
                  "filter_relative_volume_clip_pct": 0.5234137596193403,
                  "filter_rolling_window": 135.10619522343657,
                  "n_positions": 2,
                  "total_wallet_exposure_limit": 2,
                  "unstuck_close_pct": 0.048660677563032134,
                  "unstuck_ema_dist": -0.014584426795697929,
                  "unstuck_loss_allowance_pct": 0.009974955836354226,
                  "unstuck_threshold": 0.8049575774796511},
         "short": {"close_grid_markup_range": 0.023133350687499388,
                   "close_grid_min_markup": 0.017441409647949387,
                   "close_grid_qty_pct": 0.8454671766101918,
                   "close_trailing_grid_ratio": 0.8389551676521345,
                   "close_trailing_qty_pct": 0.6694554730402109,
                   "close_trailing_retracement_pct": 0.07349408445230457,
                   "close_trailing_threshold_pct": 0.04294676902105395,
                   "ema_span_0": 722.7770733615686,
                   "ema_span_1": 1036.6530890269169,
                   "entry_grid_double_down_factor": 2.7210050104841033,
                   "entry_grid_spacing_pct": 0.014247741180973886,
                   "entry_grid_spacing_weight": 2.6126437862498983,
                   "entry_initial_ema_dist": -0.02332696121986251,
                   "entry_initial_qty_pct": 0.04944472912954508,
                   "entry_trailing_grid_ratio": -0.5656426866197077,
                   "entry_trailing_retracement_pct": 0.049615316146635155,
                   "entry_trailing_threshold_pct": 0.053847010914070466,
                   "filter_relative_volume_clip_pct": 0.2579398768197808,
                   "filter_rolling_window": 105.51602611936949,
                   "n_positions": 0,
                   "total_wallet_exposure_limit": 0,
                   "unstuck_close_pct": 0.04914527224178111,
                   "unstuck_ema_dist": -0.09447547369025604,
                   "unstuck_loss_allowance_pct": 0.018956299491137977,
                   "unstuck_threshold": 0.6194901310309312}},
 "live": {"approved_coins": {"long": ["DOGE", "1000SHIB"],
                             "short": ["DOGE", "1000SHIB"]},
          "auto_gs": true,
          "coin_flags": {},
          "empty_means_all_approved": true,
          "execution_delay_seconds": 2,
          "filter_by_min_effective_cost": true,
          "forced_mode_long": "",
          "forced_mode_short": "",