{"analysis": {"adg": 0.008282325774017076,
              "drawdown_worst": 0.4416923534472543,
              "equity_balance_diff_max": 0.5595462189810232,
              "equity_balance_diff_mean": 0.0063963137381039935,
              "loss_profit_ratio": 0.21828086654882833,
              "n_iters": 27532,
              "sharpe_ratio": 0.4464593253753737,
              "w_adg": -0.008282325774017076,
              "w_sharpe_ratio": -0.4464593253753737},
 "backtest": {"base_dir": "backtests",
              "end_date": "now",
              "exchange": "bybit",
              "start_date": "2021-01-01",
              "starting_balance": 100000},
 "bot": {"long": {"close_grid_markup_range": 0.01859998173715145,
                  "close_grid_min_markup": 0.01117821914483119,
                  "close_grid_qty_pct": 0.9702178709765324,
                  "close_trailing_grid_ratio": 0.03001212788350685,
                  "close_trailing_retracement_pct": 0.07350229393946824,
                  "close_trailing_threshold_pct": -0.047888931283660834,
                  "ema_span_0": 453.6001472974417,
                  "ema_span_1": 942.5564626319846,
                  "entry_grid_double_down_factor": 0.702344274162374,
                  "entry_grid_spacing_pct": 0.047599501926855955,
                  "entry_grid_spacing_weight": 0.42576473260897235,
                  "entry_initial_ema_dist": -0.07171011074376012,
                  "entry_initial_qty_pct": 0.0185272951704527,
                  "entry_trailing_grid_ratio": -0.1447182187718782,
                  "entry_trailing_retracement_pct": 0.07094163732664488,
                  "entry_trailing_threshold_pct": 0.05192473515090908,
                  "n_positions": 2.6719642375261135,
                  "total_wallet_exposure_limit": 2.9665591663169506,
                  "unstuck_close_pct": 0.09280813046714345,
                  "unstuck_ema_dist": -0.030850760077747064,
                  "unstuck_loss_allowance_pct": 0.046745568782139466,
                  "unstuck_threshold": 0.485026297970968},
         "short": {"close_grid_markup_range": 0.016560186287848225,
                   "close_grid_min_markup": 0.026266191675383323,
                   "close_grid_qty_pct": 0.9322525565727957,
                   "close_trailing_grid_ratio": 0.023977601982967344,
                   "close_trailing_retracement_pct": 0.05849124539361316,
                   "close_trailing_threshold_pct": -0.011912882388873718,
                   "ema_span_0": 1330.6598170504953,
                   "ema_span_1": 836.1997653268302,
                   "entry_grid_double_down_factor": 2.935821586725695,
                   "entry_grid_spacing_pct": 0.062229228794889506,
                   "entry_grid_spacing_weight": 0.5281686791369974,
                   "entry_initial_ema_dist": -0.08485381775662475,
                   "entry_initial_qty_pct": 0.005840223454106204,
                   "entry_trailing_grid_ratio": -0.0012631372199328932,
                   "entry_trailing_retracement_pct": 0.0558670135152357,
                   "entry_trailing_threshold_pct": 0.06740282262584858,
                   "n_positions": 1.0599183083256838,
                   "total_wallet_exposure_limit": 0.9520485545299229,
                   "unstuck_close_pct": 0.04784082054435964,
                   "unstuck_ema_dist": -0.007399772479612358,
                   "unstuck_loss_allowance_pct": 0.021312259983265552,
                   "unstuck_threshold": 0.5628903014376483}},
 "common": {"approved_symbols": ["1000000MOGUSDT",
                                 "10000SATSUSDT",
                                 "1000BONKUSDT",
                                 "1000FLOKIUSDT",
                                 "1000PEPEUSDT",
                                 "1000RATSUSDT",
                                 "1000TURBOUSDT",
                                 "ADAUSDT",
                                 "ALTUSDT",
                                 "ARBUSDT",
                                 "AVAILUSDT",
                                 "AVAXUSDT",
                                 "BCHUSDT",
                                 "BNBUSDT",
                                 "BONDUSDT",
                                 "BRETTUSDT",
                                 "COTIUSDT",
                                 "CRVUSDT",
                                 "CVXUSDT",
                                 "DOGEUSDT",
                                 "DOTUSDT",
                                 "DYDXUSDT",
                                 "ENAUSDT",
                                 "ENSUSDT",
                                 "EOSUSDT",
                                 "ETCUSDT",
                                 "ETHFIUSDT",
                                 "FTMUSDT",
                                 "GALAUSDT",
                                 "INJUSDT",
                                 "JASMYUSDT",
                                 "JUPUSDT",
                                 "LDOUSDT",
                                 "LINKUSDT",
                                 "LTCUSDT",
                                 "MATICUSDT",
                                 "MEWUSDT",
                                 "MKRUSDT",
                                 "MYROUSDT",
                                 "NEARUSDT",
                                 "NOTUSDT",
                                 "ONDOUSDT",
                                 "OPUSDT",
                                 "ORDIUSDT",
                                 "PEOPLEUSDT",
                                 "POPCATUSDT",
                                 "RUNEUSDT",
                                 "SEIUSDT",
                                 "SHIB1000USDT",
                                 "SLERFUSDT",
                                 "STMXUSDT",
                                 "STRKUSDT",
                                 "STXUSDT",
                                 "SUIUSDT",
                                 "TAIKOUSDT",
                                 "TAOUSDT",
                                 "TIAUSDT",
                                 "TONUSDT",
                                 "TRBUSDT",
                                 "UNIUSDT",
                                 "WIFUSDT",
                                 "WLDUSDT",
                                 "XRPUSDT",
                                 "ZKUSDT",
                                 "ZROUSDT"],
            "minimum_market_age_days": 7,
            "n_ohlcvs": 100,
            "ohlcv_interval": "15m",
            "relative_volume_filter_clip_pct": 0.1,
            "symbol_flags": {}},
 "live": {"auto_gs": true,
          "execution_delay_seconds": 2,
          "filter_by_min_effective_cost": true,
          "forced_mode_long": "",
          "forced_mode_short": "",
          "ignored_symbols": [],
          "leverage": 10,
          "max_n_cancellations_per_batch": 5,
          "max_n_creations_per_batch": 3,
          "pnls_max_lookback_days": 30,
          "price_distance_threshold": 0.002,
          "user": "bybit_01"},
 "optimize": {"bounds": {"long_close_grid_markup_range": [0, 0.03],
                         "long_close_grid_min_markup": [0.001, 0.03],
                         "long_close_grid_qty_pct": [0.05, 1],
                         "long_close_trailing_grid_ratio": [-1, 1],
                         "long_close_trailing_retracement_pct": [0, 0.1],
                         "long_close_trailing_threshold_pct": [-0.1, 0.1],
                         "long_ema_span_0": [200, 1440],
                         "long_ema_span_1": [200, 1440],
                         "long_entry_grid_double_down_factor": [0.1, 3],
                         "long_entry_grid_spacing_pct": [0.005, 0.12],
                         "long_entry_grid_spacing_weight": [0, 2],
                         "long_entry_initial_ema_dist": [-0.1, 0.002],
                         "long_entry_initial_qty_pct": [0.005, 0.1],