{"analyses": {"bybit": {"adg": 0.0083141853084698,
                        "calmar_ratio": 0.011176443692922866,
                        "drawdown_worst": 0.7439025809018748,
                        "drawdown_worst_mean_1pct": 0.5349952109734422,
                        "equity_balance_diff_max": 0.7395529388113817,
                        "equity_balance_diff_mean": 0.05915018193513246,
                        "expected_shortfall_1pct": 0.3805810068704021,
                        "loss_profit_ratio": 0.35328375193656775,
                        "mdg": 0.004860022838478188,
                        "omega_ratio": 1.52575432735703,
                        "sharpe_ratio": 0.09765038972968365,
                        "sortino_ratio": 0.10050574408034087,
                        "sterling_ratio": 0.015540672398434846}},
 "analyses_combined": {"adg_max": 0.0083141853084698,
                       "adg_mean": 0.0083141853084698,
                       "adg_min": 0.0083141853084698,
                       "adg_std": 0.0,
                       "calmar_ratio_max": 0.011176443692922866,
                       "calmar_ratio_mean": 0.011176443692922866,
                       "calmar_ratio_min": 0.011176443692922866,
                       "calmar_ratio_std": 0.0,
                       "drawdown_worst_max": 0.7439025809018748,
                       "drawdown_worst_mean": 0.7439025809018748,
                       "drawdown_worst_mean_1pct_max": 0.5349952109734422,
                       "drawdown_worst_mean_1pct_mean": 0.5349952109734422,
                       "drawdown_worst_mean_1pct_min": 0.5349952109734422,
                       "drawdown_worst_mean_1pct_std": 0.0,
                       "drawdown_worst_min": 0.7439025809018748,
                       "drawdown_worst_std": 0.0,
                       "equity_balance_diff_max_max": 0.7395529388113817,
                       "equity_balance_diff_max_mean": 0.7395529388113817,
                       "equity_balance_diff_max_min": 0.7395529388113817,
                       "equity_balance_diff_max_std": 0.0,
                       "equity_balance_diff_mean_max": 0.05915018193513246,
                       "equity_balance_diff_mean_mean": 0.05915018193513246,
                       "equity_balance_diff_mean_min": 0.05915018193513246,
                       "equity_balance_diff_mean_std": 0.0,
                       "expected_shortfall_1pct_max": 0.3805810068704021,
                       "expected_shortfall_1pct_mean": 0.3805810068704021,
                       "expected_shortfall_1pct_min": 0.3805810068704021,
                       "expected_shortfall_1pct_std": 0.0,
                       "loss_profit_ratio_max": 0.35328375193656775,
                       "loss_profit_ratio_mean": 0.35328375193656775,
                       "loss_profit_ratio_min": 0.35328375193656775,
                       "loss_profit_ratio_std": 0.0,
                       "mdg_max": 0.004860022838478188,
                       "mdg_mean": 0.004860022838478188,
                       "mdg_min": 0.004860022838478188,
                       "mdg_std": 0.0,
                       "n_iters": 144778,
                       "omega_ratio_max": 1.52575432735703,
                       "omega_ratio_mean": 1.52575432735703,
                       "omega_ratio_min": 1.52575432735703,
                       "omega_ratio_std": 0.0,
                       "sharpe_ratio_max": 0.09765038972968365,
                       "sharpe_ratio_mean": 0.09765038972968365,
                       "sharpe_ratio_min": 0.09765038972968365,
                       "sharpe_ratio_std": 0.0,
                       "sortino_ratio_max": 0.10050574408034087,
                       "sortino_ratio_mean": 0.10050574408034087,
                       "sortino_ratio_min": 0.10050574408034087,
                       "sortino_ratio_std": 0.0,
                       "sterling_ratio_max": 0.015540672398434846,
                       "sterling_ratio_mean": 0.015540672398434846,
                       "sterling_ratio_min": 0.015540672398434846,
                       "sterling_ratio_std": 0.0,
                       "w_0": 38294.68389702784,
                       "w_1": 38294.67321637828},
 "backtest": {"base_dir": "backtests",
              "compress_cache": true,
              "end_date": "2024-12-22",
              "exchanges": ["bybit"],
              "start_date": "2021-10-01",
              "starting_balance": 10000,
              "symbols": {"bybit": ["DOGEUSDT", "SHIB1000USDT"]}},
 "bot": {"long": {"close_grid_markup_range": 0.008,
                  "close_grid_min_markup": 0.01,
                  "close_grid_qty_pct": 1,
                  "close_trailing_grid_ratio": 0,
                  "close_trailing_qty_pct": 0,
                  "close_trailing_retracement_pct": 0,
                  "close_trailing_threshold_pct": 0,
                  "ema_span_0": 545.8924259454983,
                  "ema_span_1": 391.0929342157587,
                  "entry_grid_double_down_factor": 1.5,
                  "entry_grid_spacing_pct": 0.005,
                  "entry_grid_spacing_weight": 13,
                  "entry_initial_ema_dist": 0.0016769216238649578,
                  "entry_initial_qty_pct": 0.01,
                  "entry_trailing_grid_ratio": 0,
                  "entry_trailing_retracement_pct": 0,
                  "entry_trailing_threshold_pct": 0,
                  "filter_relative_volume_clip_pct": 0.030163859298506398,
                  "filter_rolling_window": 165.26945608916384,
                  "n_positions": 2,
                  "total_wallet_exposure_limit": 2,
                  "unstuck_close_pct": 0.03962433131113359,
                  "unstuck_ema_dist": -0.0992608290607309,
                  "unstuck_loss_allowance_pct": 0.009999954240069895,
                  "unstuck_threshold": 0.8016629851198824},
         "short": {"close_grid_markup_range": 0.026325322483407174,
                   "close_grid_min_markup": 0.01481800682783391,
                   "close_grid_qty_pct": 0.4128717165087089,
                   "close_trailing_grid_ratio": 0.3901807321508854,
                   "close_trailing_qty_pct": 0.1514637913720004,
                   "close_trailing_retracement_pct": 0.02248920502499205,
                   "close_trailing_threshold_pct": 0.017254313525404262,
                   "ema_span_0": 1211.9767418537324,
                   "ema_span_1": 717.6923744747249,
                   "entry_grid_double_down_factor": 1.3673984535140702,
                   "entry_grid_spacing_pct": 0.016217718567362344,
                   "entry_grid_spacing_weight": 3.1132347186898546,
                   "entry_initial_ema_dist": -0.01595956053569669,
                   "entry_initial_qty_pct": 0.08974915199685146,
                   "entry_trailing_grid_ratio": -0.3698127368538812,
                   "entry_trailing_retracement_pct": 0.07974987477994662,
                   "entry_trailing_threshold_pct": -0.08120330973554821,
                   "filter_relative_volume_clip_pct": 0.40896630119071814,
                   "filter_rolling_window": 167.2057439728353,
                   "n_positions": 0,
                   "total_wallet_exposure_limit": 0,
                   "unstuck_close_pct": 0.05998123821498537,
                   "unstuck_ema_dist": -0.08271524476249914,
                   "unstuck_loss_allowance_pct": 0.04509610887132512,
                   "unstuck_threshold": 0.4200455158882557}},
 "live": {"approved_coins": {"long": ["DOGE", "1000SHIB"],
                             "short": ["DOGE", "1000SHIB"]},
          "auto_gs": true,
          "coin_flags": {},
          "empty_means_all_approved": true,
          "execution_delay_seconds": 2,
          "filter_by_min_effective_cost": true,
          "forced_mode_long": "",
          "forced_mode_short": "",