{"analyses": {"bybit": {"adg": 0.0045712089058403795,
                        "calmar_ratio": 0.01023304986077733,
                        "drawdown_worst": 0.4467103129597316,
                        "drawdown_worst_mean_1pct": 0.31474673493026717,
                        "equity_balance_diff_max": 0.44470969908978275,
                        "equity_balance_diff_mean": 0.012912838724406779,
                        "expected_shortfall_1pct": 0.2758435671057293,
                        "loss_profit_ratio": 0.18217791737078307,
                        "mdg": 0.00098177318212672,
                        "omega_ratio": 1.6189791050713889,
                        "sharpe_ratio": 0.08624290433330793,
                        "sortino_ratio": 0.08561564079669108,
                        "sterling_ratio": 0.014523451392921171}},
 "analyses_combined": {"adg_max": 0.0045712089058403795,
                       "adg_mean": 0.0045712089058403795,
                       "adg_min": 0.0045712089058403795,
                       "adg_std": 0.0,
                       "calmar_ratio_max": 0.01023304986077733,
                       "calmar_ratio_mean": 0.01023304986077733,
                       "calmar_ratio_min": 0.01023304986077733,
                       "calmar_ratio_std": 0.0,
                       "drawdown_worst_max": 0.4467103129597316,
                       "drawdown_worst_mean": 0.4467103129597316,
                       "drawdown_worst_mean_1pct_max": 0.31474673493026717,
                       "drawdown_worst_mean_1pct_mean": 0.31474673493026717,
                       "drawdown_worst_mean_1pct_min": 0.31474673493026717,
                       "drawdown_worst_mean_1pct_std": 0.0,
                       "drawdown_worst_min": 0.4467103129597316,
                       "drawdown_worst_std": 0.0,
                       "equity_balance_diff_max_max": 0.44470969908978275,
                       "equity_balance_diff_max_mean": 0.44470969908978275,
                       "equity_balance_diff_max_min": 0.44470969908978275,
                       "equity_balance_diff_max_std": 0.0,
                       "equity_balance_diff_mean_max": 0.012912838724406779,
                       "equity_balance_diff_mean_mean": 0.012912838724406779,
                       "equity_balance_diff_mean_min": 0.012912838724406779,
                       "equity_balance_diff_mean_std": 0.0,
                       "expected_shortfall_1pct_max": 0.2758435671057293,
                       "expected_shortfall_1pct_mean": 0.2758435671057293,
                       "expected_shortfall_1pct_min": 0.2758435671057293,
                       "expected_shortfall_1pct_std": 0.0,
                       "loss_profit_ratio_max": 0.18217791737078307,
                       "loss_profit_ratio_mean": 0.18217791737078307,
                       "loss_profit_ratio_min": 0.18217791737078307,
                       "loss_profit_ratio_std": 0.0,
                       "mdg_max": 0.00098177318212672,
                       "mdg_mean": 0.00098177318212672,
                       "mdg_min": 0.00098177318212672,
                       "mdg_std": 0.0,
                       "n_iters": 79801,
                       "omega_ratio_max": 1.6189791050713889,
                       "omega_ratio_mean": 1.6189791050713889,
                       "omega_ratio_min": 1.6189791050713889,
                       "omega_ratio_std": 0.0,
                       "sharpe_ratio_max": 0.08624290433330793,
                       "sharpe_ratio_mean": 0.08624290433330793,
                       "sharpe_ratio_min": 0.08624290433330793,
                       "sharpe_ratio_std": 0.0,
                       "sortino_ratio_max": 0.08561564079669108,
                       "sortino_ratio_mean": 0.08561564079669108,
                       "sortino_ratio_min": 0.08561564079669108,
                       "sortino_ratio_std": 0.0,
                       "sterling_ratio_max": 0.014523451392921171,
                       "sterling_ratio_mean": 0.014523451392921171,
                       "sterling_ratio_min": 0.014523451392921171,
                       "sterling_ratio_std": 0.0,
                       "w_0": 6318.497663502649,
                       "w_1": 6318.484121824438},
 "backtest": {"base_dir": "backtests",
              "compress_cache": true,
              "end_date": "2024-12-23",
              "exchanges": ["bybit"],
              "start_date": "2021-10-01",
              "starting_balance": 10000,
              "symbols": {"bybit": ["DOGEUSDT", "SHIB1000USDT"]}},
 "bot": {"long": {"close_grid_markup_range": 0.008,
                  "close_grid_min_markup": 0.01,
                  "close_grid_qty_pct": 1,
                  "close_trailing_grid_ratio": 0,
                  "close_trailing_qty_pct": 0,
                  "close_trailing_retracement_pct": 0,
                  "close_trailing_threshold_pct": 0,
                  "ema_span_0": 1430.95314241906,
                  "ema_span_1": 372.57760585862127,
                  "entry_grid_double_down_factor": 1.5,
                  "entry_grid_spacing_pct": 0.009588537664126096,
                  "entry_grid_spacing_weight": 12.09075102900173,
                  "entry_initial_ema_dist": 0.002142469599260528,
                  "entry_initial_qty_pct": 0.01,
                  "entry_trailing_grid_ratio": 0,
                  "entry_trailing_retracement_pct": 0,
                  "entry_trailing_threshold_pct": 0,
                  "filter_relative_volume_clip_pct": 0.03153144148237808,
                  "filter_rolling_window": 110.20825018529047,
                  "n_positions": 2,
                  "total_wallet_exposure_limit": 2,
                  "unstuck_close_pct": 0.04954443789904997,
                  "unstuck_ema_dist": -0.08474114254083741,
                  "unstuck_loss_allowance_pct": 0.009999208543552254,
                  "unstuck_threshold": 0.801152872794759},
         "short": {"close_grid_markup_range": 0.011930318262047686,
                   "close_grid_min_markup": 0.02914251172304773,
                   "close_grid_qty_pct": 0.5524722592215685,
                   "close_trailing_grid_ratio": 0.4207543955983585,
                   "close_trailing_qty_pct": 0.1466838004666418,
                   "close_trailing_retracement_pct": 0.049478961480497484,
                   "close_trailing_threshold_pct": 0.04317329782304742,
                   "ema_span_0": 1181.0437251184544,
                   "ema_span_1": 1081.4720566366263,
                   "entry_grid_double_down_factor": 1.3469430185989115,
                   "entry_grid_spacing_pct": 0.012385389020559669,
                   "entry_grid_spacing_weight": 9.987489128417083,
                   "entry_initial_ema_dist": -0.09764631156504358,
                   "entry_initial_qty_pct": 0.06461133718593691,
                   "entry_trailing_grid_ratio": 0.6788413814584258,
                   "entry_trailing_retracement_pct": 0.020776162828663604,
                   "entry_trailing_threshold_pct": 0.009721566153689389,
                   "filter_relative_volume_clip_pct": 0.9502594517008683,
                   "filter_rolling_window": 307.66074657644145,
                   "n_positions": 0,
                   "total_wallet_exposure_limit": 0,
                   "unstuck_close_pct": 0.00748617890352696,
                   "unstuck_ema_dist": -0.04333881909578132,
                   "unstuck_loss_allowance_pct": 0.04869115149249872,
                   "unstuck_threshold": 0.667386018206776}},
 "live": {"approved_coins": {"long": ["DOGE", "1000SHIB"],
                             "short": ["DOGE", "1000SHIB"]},
          "auto_gs": true,
          "coin_flags": {},
          "empty_means_all_approved": true,
          "execution_delay_seconds": 2,
          "filter_by_min_effective_cost": true,
          "forced_mode_long": "",
          "forced_mode_short": "",