{"analysis": {"adg": 0.0009055856523295494,
              "drawdown_worst": 0.1715020050549768,
              "equity_balance_diff_max": 0.18801490175894903,
              "equity_balance_diff_mean": 0.0022282456289656367,
              "loss_profit_ratio": 0.5310040398225017,
              "n_iters": 378,
              "sharpe_ratio": 0.21280532953930134,
              "w_adg": -0.0009055856523295494,
              "w_sharpe_ratio": -0.21280532953930134},
 "backtest": {"base_dir": "backtests",
              "end_date": "now",
              "exchange": "bybit",
              "start_date": "2021-01-01",
              "starting_balance": 100000},
 "bot": {"long": {"close_grid_markup_range": 0.017544231724056086,
                  "close_grid_min_markup": 0.023168389458679044,
                  "close_grid_qty_pct": 0.6195225716529257,
                  "close_trailing_grid_ratio": 0.1561026946089228,
                  "close_trailing_retracement_pct": 0.06806327855664725,
                  "close_trailing_threshold_pct": -0.013714891820761327,
                  "ema_span_0": 1422.2890994174327,
                  "ema_span_1": 1157.3678329654035,
                  "entry_grid_double_down_factor": 1.1463833187681514,
                  "entry_grid_spacing_pct": 0.04987288628748027,
                  "entry_grid_spacing_weight": 0.4664595314631286,
                  "entry_initial_ema_dist": -0.022312513517504726,
                  "entry_initial_qty_pct": 0.03023601316364787,
                  "entry_trailing_grid_ratio": -0.26676636177266233,
                  "entry_trailing_retracement_pct": 0.07969297291143008,
                  "entry_trailing_threshold_pct": 0.08263351455424736,
                  "n_positions": 6.719397516830016,
                  "total_wallet_exposure_limit": 0.5469211240769958,
                  "unstuck_close_pct": 0.03136319717475201,
                  "unstuck_ema_dist": -0.08054739526836645,
                  "unstuck_loss_allowance_pct": 0.02781883889072707,
                  "unstuck_threshold": 0.6593895930404334},
         "short": {"close_grid_markup_range": 0.009193943974215092,
                   "close_grid_min_markup": 0.0032249296151878517,
                   "close_grid_qty_pct": 0.21706847855058514,
                   "close_trailing_grid_ratio": 0.8828992922103966,
                   "close_trailing_retracement_pct": 0.09747706400152292,
                   "close_trailing_threshold_pct": 0.02117699687465399,
                   "ema_span_0": 1191.517991198989,
                   "ema_span_1": 416.60829901002944,
                   "entry_grid_double_down_factor": 0.8330971523256828,
                   "entry_grid_spacing_pct": 0.07601385113844439,
                   "entry_grid_spacing_weight": 0.2702077896484738,
                   "entry_initial_ema_dist": -0.06856268830962958,
                   "entry_initial_qty_pct": 0.009463810664277166,
                   "entry_trailing_grid_ratio": 0.4648320854136758,
                   "entry_trailing_retracement_pct": 0.08925515693345441,
                   "entry_trailing_threshold_pct": 0.07946236821447861,
                   "n_positions": 18.334818451570758,
                   "total_wallet_exposure_limit": 0.15785373235092293,
                   "unstuck_close_pct": 0.05829380944034737,
                   "unstuck_ema_dist": -0.07532176672266094,
                   "unstuck_loss_allowance_pct": 0.005165358550769469,
                   "unstuck_threshold": 0.5253827653583648}},
 "common": {"approved_symbols": ["1000000MOGUSDT",
                                 "10000SATSUSDT",
                                 "1000BONKUSDT",
                                 "1000FLOKIUSDT",
                                 "1000PEPEUSDT",
                                 "1000RATSUSDT",
                                 "1000TURBOUSDT",
                                 "ADAUSDT",
                                 "ALTUSDT",
                                 "ARBUSDT",
                                 "AVAILUSDT",
                                 "AVAXUSDT",
                                 "BCHUSDT",
                                 "BNBUSDT",
                                 "BONDUSDT",
                                 "BRETTUSDT",
                                 "COTIUSDT",
                                 "CRVUSDT",
                                 "CVXUSDT",
                                 "DOGEUSDT",
                                 "DOTUSDT",
                                 "DYDXUSDT",
                                 "ENAUSDT",
                                 "ENSUSDT",
                                 "EOSUSDT",
                                 "ETCUSDT",
                                 "ETHFIUSDT",
                                 "FTMUSDT",
                                 "GALAUSDT",
                                 "INJUSDT",
                                 "JASMYUSDT",
                                 "JUPUSDT",
                                 "LDOUSDT",
                                 "LINKUSDT",
                                 "LTCUSDT",
                                 "MATICUSDT",
                                 "MEWUSDT",
                                 "MKRUSDT",
                                 "MYROUSDT",
                                 "NEARUSDT",
                                 "NOTUSDT",
                                 "ONDOUSDT",
                                 "OPUSDT",
                                 "ORDIUSDT",
                                 "PEOPLEUSDT",
                                 "POPCATUSDT",
                                 "RUNEUSDT",
                                 "SEIUSDT",
                                 "SHIB1000USDT",
                                 "SLERFUSDT",
                                 "STMXUSDT",
                                 "STRKUSDT",
                                 "STXUSDT",
                                 "SUIUSDT",
                                 "TAIKOUSDT",
                                 "TAOUSDT",
                                 "TIAUSDT",
                                 "TONUSDT",
                                 "TRBUSDT",
                                 "UNIUSDT",
                                 "WIFUSDT",
                                 "WLDUSDT",
                                 "XRPUSDT",
                                 "ZKUSDT",
                                 "ZROUSDT"],
            "minimum_market_age_days": 7,
            "n_ohlcvs": 100,
            "ohlcv_interval": "15m",
            "relative_volume_filter_clip_pct": 0.1,
            "symbol_flags": {}},
 "live": {"auto_gs": true,
          "execution_delay_seconds": 2,
          "filter_by_min_effective_cost": true,
          "forced_mode_long": "",
          "forced_mode_short": "",
          "ignored_symbols": [],
          "leverage": 10,
          "max_n_cancellations_per_batch": 5,
          "max_n_creations_per_batch": 3,
          "pnls_max_lookback_days": 30,
          "price_distance_threshold": 0.002,
          "user": "bybit_01"},
 "optimize": {"bounds": {"long_close_grid_markup_range": [0, 0.03],
                         "long_close_grid_min_markup": [0.001, 0.03],
                         "long_close_grid_qty_pct": [0.05, 1],
                         "long_close_trailing_grid_ratio": [-1, 1],
                         "long_close_trailing_retracement_pct": [0, 0.1],
                         "long_close_trailing_threshold_pct": [-0.1, 0.1],
                         "long_ema_span_0": [200, 1440],
                         "long_ema_span_1": [200, 1440],
                         "long_entry_grid_double_down_factor": [0.1, 3],
                         "long_entry_grid_spacing_pct": [0.005, 0.12],
                         "long_entry_grid_spacing_weight": [0, 2],
                         "long_entry_initial_ema_dist": [-0.1, 0.002],
                         "long_entry_initial_qty_pct": [0.005, 0.1],