{"analysis": {"adg": 0.010294983238275834,
              "drawdown_worst": 0.4705904732511945,
              "equity_balance_diff_max": 0.5956320230643251,
              "equity_balance_diff_mean": 0.007521892332738692,
              "loss_profit_ratio": 0.38493407642162014,
              "n_iters": 27090,
              "sharpe_ratio": 0.46441456222458083,
              "w_adg": -0.010294983238275834,
              "w_sharpe_ratio": -0.46441456222458083},
 "backtest": {"base_dir": "backtests",
              "end_date": "now",
              "exchange": "bybit",
              "start_date": "2021-01-01",
              "starting_balance": 100000},
 "bot": {"long": {"close_grid_markup_range": 0.0015753209909953516,
                  "close_grid_min_markup": 0.002951787412711933,
                  "close_grid_qty_pct": 0.7775333896926645,
                  "close_trailing_grid_ratio": 0.0729898060044405,
                  "close_trailing_retracement_pct": 0.03358288727562419,
                  "close_trailing_threshold_pct": 0.03361964655633966,
                  "ema_span_0": 457.3723568266077,
                  "ema_span_1": 778.3431700401029,
                  "entry_grid_double_down_factor": 0.8845419582612613,
                  "entry_grid_spacing_pct": 0.021299333678651392,
                  "entry_grid_spacing_weight": 0.0034058038408758956,
                  "entry_initial_ema_dist": -0.0979006969949342,
                  "entry_initial_qty_pct": 0.0407819215154307,
                  "entry_trailing_grid_ratio": -0.3509004743256465,
                  "entry_trailing_retracement_pct": 0.08110820967768213,
                  "entry_trailing_threshold_pct": 0.08423496549343945,
                  "n_positions": 1.7591493667396159,
                  "total_wallet_exposure_limit": 1.5462256202628444,
                  "unstuck_close_pct": 0.04526013901262434,
                  "unstuck_ema_dist": -0.07080128710924034,
                  "unstuck_loss_allowance_pct": 0.04698227763869104,
                  "unstuck_threshold": 0.43897344521023035},
         "short": {"close_grid_markup_range": 0.006280962728411912,
                   "close_grid_min_markup": 0.020446142765307745,
                   "close_grid_qty_pct": 0.09376661932260841,
                   "close_trailing_grid_ratio": 0.16674273282136692,
                   "close_trailing_retracement_pct": 0.08355934485781011,
                   "close_trailing_threshold_pct": -0.0273875553378884,
                   "ema_span_0": 534.7338144323054,
                   "ema_span_1": 975.0993241460399,
                   "entry_grid_double_down_factor": 2.5807715998319587,
                   "entry_grid_spacing_pct": 0.11111209867151949,
                   "entry_grid_spacing_weight": 1.1747301998039112,
                   "entry_initial_ema_dist": -0.029894140224533114,
                   "entry_initial_qty_pct": 0.011634365657779628,
                   "entry_trailing_grid_ratio": 0.2720687310612696,
                   "entry_trailing_retracement_pct": 0.07925983380408357,
                   "entry_trailing_threshold_pct": 0.08329020590370953,
                   "n_positions": 5.423259733880531,
                   "total_wallet_exposure_limit": 0.46394257537151673,
                   "unstuck_close_pct": 0.05991862953360696,
                   "unstuck_ema_dist": -0.06717949012531164,
                   "unstuck_loss_allowance_pct": 0.013118033597094809,
                   "unstuck_threshold": 0.8638932272237956}},
 "common": {"approved_symbols": ["1000000MOGUSDT",
                                 "10000SATSUSDT",
                                 "1000BONKUSDT",
                                 "1000FLOKIUSDT",
                                 "1000PEPEUSDT",
                                 "1000RATSUSDT",
                                 "1000TURBOUSDT",
                                 "ADAUSDT",
                                 "ALTUSDT",
                                 "ARBUSDT",
                                 "AVAILUSDT",
                                 "AVAXUSDT",
                                 "BCHUSDT",
                                 "BNBUSDT",
                                 "BONDUSDT",
                                 "BRETTUSDT",
                                 "COTIUSDT",
                                 "CRVUSDT",
                                 "CVXUSDT",
                                 "DOGEUSDT",
                                 "DOTUSDT",
                                 "DYDXUSDT",
                                 "ENAUSDT",
                                 "ENSUSDT",
                                 "EOSUSDT",
                                 "ETCUSDT",
                                 "ETHFIUSDT",
                                 "FTMUSDT",
                                 "GALAUSDT",
                                 "INJUSDT",
                                 "JASMYUSDT",
                                 "JUPUSDT",
                                 "LDOUSDT",
                                 "LINKUSDT",
                                 "LTCUSDT",
                                 "MATICUSDT",
                                 "MEWUSDT",
                                 "MKRUSDT",
                                 "MYROUSDT",
                                 "NEARUSDT",
                                 "NOTUSDT",
                                 "ONDOUSDT",
                                 "OPUSDT",
                                 "ORDIUSDT",
                                 "PEOPLEUSDT",
                                 "POPCATUSDT",
                                 "RUNEUSDT",
                                 "SEIUSDT",
                                 "SHIB1000USDT",
                                 "SLERFUSDT",
                                 "STMXUSDT",
                                 "STRKUSDT",
                                 "STXUSDT",
                                 "SUIUSDT",
                                 "TAIKOUSDT",
                                 "TAOUSDT",
                                 "TIAUSDT",
                                 "TONUSDT",
                                 "TRBUSDT",
                                 "UNIUSDT",
                                 "WIFUSDT",
                                 "WLDUSDT",
                                 "XRPUSDT",
                                 "ZKUSDT",
                                 "ZROUSDT"],
            "minimum_market_age_days": 7,
            "n_ohlcvs": 100,
            "ohlcv_interval": "15m",
            "relative_volume_filter_clip_pct": 0.1,
            "symbol_flags": {}},
 "live": {"auto_gs": true,
          "execution_delay_seconds": 2,
          "filter_by_min_effective_cost": true,
          "forced_mode_long": "",
          "forced_mode_short": "",
          "ignored_symbols": [],
          "leverage": 10,
          "max_n_cancellations_per_batch": 5,
          "max_n_creations_per_batch": 3,
          "pnls_max_lookback_days": 30,
          "price_distance_threshold": 0.002,
          "user": "bybit_01"},
 "optimize": {"bounds": {"long_close_grid_markup_range": [0, 0.03],
                         "long_close_grid_min_markup": [0.001, 0.03],
                         "long_close_grid_qty_pct": [0.05, 1],
                         "long_close_trailing_grid_ratio": [-1, 1],
                         "long_close_trailing_retracement_pct": [0, 0.1],
                         "long_close_trailing_threshold_pct": [-0.1, 0.1],
                         "long_ema_span_0": [200, 1440],
                         "long_ema_span_1": [200, 1440],
                         "long_entry_grid_double_down_factor": [0.1, 3],
                         "long_entry_grid_spacing_pct": [0.005, 0.12],
                         "long_entry_grid_spacing_weight": [0, 2],
                         "long_entry_initial_ema_dist": [-0.1, 0.002],
                         "long_entry_initial_qty_pct": [0.005, 0.1],