{"analyses": {"combined": {"adg": 0.001143513090720436,
                           "adg_w": 0.0008027355861581882,
                           "calmar_ratio": 0.007411775047674643,
                           "calmar_ratio_w": 0.019734670060663234,
                           "drawdown_worst": 0.15428329696530654,
                           "drawdown_worst_mean_1pct": 0.07416959737527339,
                           "equity_balance_diff_neg_max": 0.1541475258451742,
                           "equity_balance_diff_neg_mean": 0.0015058314517404942,
                           "equity_balance_diff_pos_max": 0.10088663154360891,
                           "equity_balance_diff_pos_mean": 0.00037903575481094937,
                           "expected_shortfall_1pct": 0.046779394407123566,
                           "gain": 3.7352803079906933,
                           "loss_profit_ratio": 0.13032074302206836,
                           "loss_profit_ratio_w": 0.14840234973023875,
                           "mdg": 0.00021831822252700475,
                           "mdg_w": 0.0002146677409880129,
                           "omega_ratio": 1.8655625412530477,
                           "omega_ratio_w": 1.8566792470232802,
                           "position_held_hours_max": 306.8,
                           "position_held_hours_mean": 3.328917454819946,
                           "position_held_hours_median": 1.2,
                           "positions_held_per_day": 6.049153908138598,
                           "sharpe_ratio": 0.08885211070850937,
                           "sharpe_ratio_w": 0.10322519373946464,
                           "sortino_ratio": 0.10794710850838479,
                           "sortino_ratio_w": 0.13436475017073468,
                           "sterling_ratio": 0.015417544805247381,
                           "sterling_ratio_w": 0.02337244667591877}},
 "analyses_combined": {"adg_max": 0.001143513090720436,
                       "adg_mean": 0.001143513090720436,
                       "adg_min": 0.001143513090720436,
                       "adg_std": 0.0,
                       "adg_w_max": 0.0008027355861581882,
                       "adg_w_mean": 0.0008027355861581882,
                       "adg_w_min": 0.0008027355861581882,
                       "adg_w_std": 0.0,
                       "calmar_ratio_max": 0.007411775047674643,
                       "calmar_ratio_mean": 0.007411775047674643,
                       "calmar_ratio_min": 0.007411775047674643,
                       "calmar_ratio_std": 0.0,
                       "calmar_ratio_w_max": 0.019734670060663234,
                       "calmar_ratio_w_mean": 0.019734670060663234,
                       "calmar_ratio_w_min": 0.019734670060663234,
                       "calmar_ratio_w_std": 0.0,
                       "drawdown_worst_max": 0.15428329696530654,
                       "drawdown_worst_mean": 0.15428329696530654,
                       "drawdown_worst_mean_1pct_max": 0.07416959737527339,
                       "drawdown_worst_mean_1pct_mean": 0.07416959737527339,
                       "drawdown_worst_mean_1pct_min": 0.07416959737527339,
                       "drawdown_worst_mean_1pct_std": 0.0,
                       "drawdown_worst_min": 0.15428329696530654,
                       "drawdown_worst_std": 0.0,
                       "equity_balance_diff_neg_max_max": 0.1541475258451742,
                       "equity_balance_diff_neg_max_mean": 0.1541475258451742,
                       "equity_balance_diff_neg_max_min": 0.1541475258451742,
                       "equity_balance_diff_neg_max_std": 0.0,
                       "equity_balance_diff_neg_mean_max": 0.0015058314517404942,
                       "equity_balance_diff_neg_mean_mean": 0.0015058314517404942,
                       "equity_balance_diff_neg_mean_min": 0.0015058314517404942,
                       "equity_balance_diff_neg_mean_std": 0.0,
                       "equity_balance_diff_pos_max_max": 0.10088663154360891,
                       "equity_balance_diff_pos_max_mean": 0.10088663154360891,
                       "equity_balance_diff_pos_max_min": 0.10088663154360891,
                       "equity_balance_diff_pos_max_std": 0.0,
                       "equity_balance_diff_pos_mean_max": 0.00037903575481094937,
                       "equity_balance_diff_pos_mean_mean": 0.00037903575481094937,
                       "equity_balance_diff_pos_mean_min": 0.00037903575481094937,
                       "equity_balance_diff_pos_mean_std": 0.0,
                       "expected_shortfall_1pct_max": 0.046779394407123566,
                       "expected_shortfall_1pct_mean": 0.046779394407123566,
                       "expected_shortfall_1pct_min": 0.046779394407123566,
                       "expected_shortfall_1pct_std": 0.0,
                       "gain_max": 3.7352803079906933,
                       "gain_mean": 3.7352803079906933,
                       "gain_min": 3.7352803079906933,
                       "gain_std": 0.0,
                       "loss_profit_ratio_max": 0.13032074302206836,
                       "loss_profit_ratio_mean": 0.13032074302206836,
                       "loss_profit_ratio_min": 0.13032074302206836,
                       "loss_profit_ratio_std": 0.0,
                       "loss_profit_ratio_w_max": 0.14840234973023875,
                       "loss_profit_ratio_w_mean": 0.14840234973023875,
                       "loss_profit_ratio_w_min": 0.14840234973023875,
                       "loss_profit_ratio_w_std": 0.0,
                       "mdg_max": 0.00021831822252700475,
                       "mdg_mean": 0.00021831822252700475,
                       "mdg_min": 0.00021831822252700475,
                       "mdg_std": 0.0,
                       "mdg_w_max": 0.0002146677409880129,
                       "mdg_w_mean": 0.0002146677409880129,
                       "mdg_w_min": 0.0002146677409880129,
                       "mdg_w_std": 0.0,
                       "n_iters": 725028,
                       "omega_ratio_max": 1.8655625412530477,
                       "omega_ratio_mean": 1.8655625412530477,
                       "omega_ratio_min": 1.8655625412530477,
                       "omega_ratio_std": 0.0,
                       "omega_ratio_w_max": 1.8566792470232802,
                       "omega_ratio_w_mean": 1.8566792470232802,
                       "omega_ratio_w_min": 1.8566792470232802,
                       "omega_ratio_w_std": 0.0,
                       "position_held_hours_max_max": 306.8,
                       "position_held_hours_max_mean": 306.8,
                       "position_held_hours_max_min": 306.8,
                       "position_held_hours_max_std": 0.0,
                       "position_held_hours_mean_max": 3.328917454819946,
                       "position_held_hours_mean_mean": 3.328917454819946,
                       "position_held_hours_mean_min": 3.328917454819946,
                       "position_held_hours_mean_std": 0.0,
                       "position_held_hours_median_max": 1.2,
                       "position_held_hours_median_mean": 1.2,
                       "position_held_hours_median_min": 1.2,
                       "position_held_hours_median_std": 0.0,
                       "positions_held_per_day_max": 6.049153908138598,
                       "positions_held_per_day_mean": 6.049153908138598,
                       "positions_held_per_day_min": 6.049153908138598,
                       "positions_held_per_day_std": 0.0,
                       "sharpe_ratio_max": 0.08885211070850937,
                       "sharpe_ratio_mean": 0.08885211070850937,
                       "sharpe_ratio_min": 0.08885211070850937,
                       "sharpe_ratio_std": 0.0,
                       "sharpe_ratio_w_max": 0.10322519373946464,
                       "sharpe_ratio_w_mean": 0.10322519373946464,