{"analyses": {"combined": {"adg": 0.0013285673581136536,
                           "adg_w": 0.0010740416374333715,
                           "calmar_ratio": 0.0086080431904418,
                           "calmar_ratio_w": 0.008990768098755281,
                           "drawdown_worst": 0.15434022909978756,
                           "drawdown_worst_mean_1pct": 0.0859330677517225,
                           "equity_balance_diff_neg_max": 0.1946185057408942,
                           "equity_balance_diff_neg_mean": 0.0023864626048839036,
                           "equity_balance_diff_pos_max": 0.030892489498603206,
                           "equity_balance_diff_pos_mean": 0.0005838259029083467,
                           "expected_shortfall_1pct": 0.06559680277161331,
                           "gain": 4.4718303615398165,
                           "loss_profit_ratio": 0.16076999824826582,
                           "loss_profit_ratio_w": 0.16946620606125823,
                           "mdg": 9.193024927736258e-05,
                           "mdg_w": 0.00010564913236060473,
                           "omega_ratio": 1.948987565577185,
                           "omega_ratio_w": 1.7232104880548942,
                           "position_held_hours_max": 180.2,
                           "position_held_hours_mean": 12.3979299847793,
                           "position_held_hours_median": 5.966666666666667,
                           "positions_held_per_day": 1.7647058823529411,
                           "sharpe_ratio": 0.0836963592306317,
                           "sharpe_ratio_w": 0.06795127865019193,
                           "sortino_ratio": 0.10646998888786315,
                           "sortino_ratio_w": 0.08027875133204432,
                           "sterling_ratio": 0.015460490273105872,
                           "sterling_ratio_w": 0.010361809917856865}},
 "analyses_combined": {"adg_max": 0.0013285673581136536,
                       "adg_mean": 0.0013285673581136536,
                       "adg_min": 0.0013285673581136536,
                       "adg_std": 0.0,
                       "adg_w_max": 0.0010740416374333715,
                       "adg_w_mean": 0.0010740416374333715,
                       "adg_w_min": 0.0010740416374333715,
                       "adg_w_std": 0.0,
                       "calmar_ratio_max": 0.0086080431904418,
                       "calmar_ratio_mean": 0.0086080431904418,
                       "calmar_ratio_min": 0.0086080431904418,
                       "calmar_ratio_std": 0.0,
                       "calmar_ratio_w_max": 0.008990768098755281,
                       "calmar_ratio_w_mean": 0.008990768098755281,
                       "calmar_ratio_w_min": 0.008990768098755281,
                       "calmar_ratio_w_std": 0.0,
                       "drawdown_worst_max": 0.15434022909978756,
                       "drawdown_worst_mean": 0.15434022909978756,
                       "drawdown_worst_mean_1pct_max": 0.0859330677517225,
                       "drawdown_worst_mean_1pct_mean": 0.0859330677517225,
                       "drawdown_worst_mean_1pct_min": 0.0859330677517225,
                       "drawdown_worst_mean_1pct_std": 0.0,
                       "drawdown_worst_min": 0.15434022909978756,
                       "drawdown_worst_std": 0.0,
                       "equity_balance_diff_neg_max_max": 0.1946185057408942,
                       "equity_balance_diff_neg_max_mean": 0.1946185057408942,
                       "equity_balance_diff_neg_max_min": 0.1946185057408942,
                       "equity_balance_diff_neg_max_std": 0.0,
                       "equity_balance_diff_neg_mean_max": 0.0023864626048839036,
                       "equity_balance_diff_neg_mean_mean": 0.0023864626048839036,
                       "equity_balance_diff_neg_mean_min": 0.0023864626048839036,
                       "equity_balance_diff_neg_mean_std": 0.0,
                       "equity_balance_diff_pos_max_max": 0.030892489498603206,
                       "equity_balance_diff_pos_max_mean": 0.030892489498603206,
                       "equity_balance_diff_pos_max_min": 0.030892489498603206,
                       "equity_balance_diff_pos_max_std": 0.0,
                       "equity_balance_diff_pos_mean_max": 0.0005838259029083467,
                       "equity_balance_diff_pos_mean_mean": 0.0005838259029083467,
                       "equity_balance_diff_pos_mean_min": 0.0005838259029083467,
                       "equity_balance_diff_pos_mean_std": 0.0,
                       "expected_shortfall_1pct_max": 0.06559680277161331,
                       "expected_shortfall_1pct_mean": 0.06559680277161331,
                       "expected_shortfall_1pct_min": 0.06559680277161331,
                       "expected_shortfall_1pct_std": 0.0,
                       "gain_max": 4.4718303615398165,
                       "gain_mean": 4.4718303615398165,
                       "gain_min": 4.4718303615398165,
                       "gain_std": 0.0,
                       "loss_profit_ratio_max": 0.16076999824826582,
                       "loss_profit_ratio_mean": 0.16076999824826582,
                       "loss_profit_ratio_min": 0.16076999824826582,
                       "loss_profit_ratio_std": 0.0,
                       "loss_profit_ratio_w_max": 0.16946620606125823,
                       "loss_profit_ratio_w_mean": 0.16946620606125823,
                       "loss_profit_ratio_w_min": 0.16946620606125823,
                       "loss_profit_ratio_w_std": 0.0,
                       "mdg_max": 9.193024927736258e-05,
                       "mdg_mean": 9.193024927736258e-05,
                       "mdg_min": 9.193024927736258e-05,
                       "mdg_std": 0.0,
                       "mdg_w_max": 0.00010564913236060473,
                       "mdg_w_mean": 0.00010564913236060473,
                       "mdg_w_min": 0.00010564913236060473,
                       "mdg_w_std": 0.0,
                       "n_iters": 554196,
                       "omega_ratio_max": 1.948987565577185,
                       "omega_ratio_mean": 1.948987565577185,
                       "omega_ratio_min": 1.948987565577185,
                       "omega_ratio_std": 0.0,
                       "omega_ratio_w_max": 1.7232104880548942,
                       "omega_ratio_w_mean": 1.7232104880548942,
                       "omega_ratio_w_min": 1.7232104880548942,
                       "omega_ratio_w_std": 0.0,
                       "position_held_hours_max_max": 180.2,
                       "position_held_hours_max_mean": 180.2,
                       "position_held_hours_max_min": 180.2,
                       "position_held_hours_max_std": 0.0,
                       "position_held_hours_mean_max": 12.3979299847793,
                       "position_held_hours_mean_mean": 12.3979299847793,
                       "position_held_hours_mean_min": 12.3979299847793,
                       "position_held_hours_mean_std": 0.0,
                       "position_held_hours_median_max": 5.966666666666667,
                       "position_held_hours_median_mean": 5.966666666666667,
                       "position_held_hours_median_min": 5.966666666666667,
                       "position_held_hours_median_std": 0.0,
                       "positions_held_per_day_max": 1.7647058823529411,
                       "positions_held_per_day_mean": 1.7647058823529411,
                       "positions_held_per_day_min": 1.7647058823529411,
                       "positions_held_per_day_std": 0.0,
                       "sharpe_ratio_max": 0.0836963592306317,
                       "sharpe_ratio_mean": 0.0836963592306317,
                       "sharpe_ratio_min": 0.0836963592306317,
                       "sharpe_ratio_std": 0.0,
                       "sharpe_ratio_w_max": 0.06795127865019193,