{"analyses": {"combined": {"adg": 0.0010914073890798297,
                           "adg_w": 0.0008556074084910969,
                           "calmar_ratio": 0.00796010450814246,
                           "calmar_ratio_w": 0.01386467992716298,
                           "drawdown_worst": 0.13710968090474437,
                           "drawdown_worst_mean_1pct": 0.07916350210581295,
                           "equity_balance_diff_neg_max": 0.13403990766403526,
                           "equity_balance_diff_neg_mean": 0.0013901538269144404,
                           "equity_balance_diff_pos_max": 0.03874576598222815,
                           "equity_balance_diff_pos_mean": 0.0011425314883462166,
                           "expected_shortfall_1pct": 0.05195234420417083,
                           "gain": 3.5212798181715246,
                           "loss_profit_ratio": 0.24740066798382587,
                           "loss_profit_ratio_w": 0.20909191954899856,
                           "mdg": 8.320853757105143e-05,
                           "mdg_w": 9.835816954797041e-05,
                           "omega_ratio": 2.038143387294851,
                           "omega_ratio_w": 2.3025188135075805,
                           "position_held_hours_max": 310.6666666666667,
                           "position_held_hours_mean": 23.564876690533016,
                           "position_held_hours_median": 14.033333333333333,
                           "positions_held_per_day": 1.0128928283642225,
                           "sharpe_ratio": 0.08737885092931325,
                           "sharpe_ratio_w": 0.09400759627495006,
                           "sortino_ratio": 0.10886995874267416,
                           "sortino_ratio_w": 0.148547544808991,
                           "sterling_ratio": 0.013786749702167207,
                           "sterling_ratio_w": 0.02087950997615706}},
 "analyses_combined": {"adg_max": 0.0010914073890798297,
                       "adg_mean": 0.0010914073890798297,
                       "adg_min": 0.0010914073890798297,
                       "adg_std": 0.0,
                       "adg_w_max": 0.0008556074084910969,
                       "adg_w_mean": 0.0008556074084910969,
                       "adg_w_min": 0.0008556074084910969,
                       "adg_w_std": 0.0,
                       "calmar_ratio_max": 0.00796010450814246,
                       "calmar_ratio_mean": 0.00796010450814246,
                       "calmar_ratio_min": 0.00796010450814246,
                       "calmar_ratio_std": 0.0,
                       "calmar_ratio_w_max": 0.01386467992716298,
                       "calmar_ratio_w_mean": 0.01386467992716298,
                       "calmar_ratio_w_min": 0.01386467992716298,
                       "calmar_ratio_w_std": 0.0,
                       "drawdown_worst_max": 0.13710968090474437,
                       "drawdown_worst_mean": 0.13710968090474437,
                       "drawdown_worst_mean_1pct_max": 0.07916350210581295,
                       "drawdown_worst_mean_1pct_mean": 0.07916350210581295,
                       "drawdown_worst_mean_1pct_min": 0.07916350210581295,
                       "drawdown_worst_mean_1pct_std": 0.0,
                       "drawdown_worst_min": 0.13710968090474437,
                       "drawdown_worst_std": 0.0,
                       "equity_balance_diff_neg_max_max": 0.13403990766403526,
                       "equity_balance_diff_neg_max_mean": 0.13403990766403526,
                       "equity_balance_diff_neg_max_min": 0.13403990766403526,
                       "equity_balance_diff_neg_max_std": 0.0,
                       "equity_balance_diff_neg_mean_max": 0.0013901538269144404,
                       "equity_balance_diff_neg_mean_mean": 0.0013901538269144404,
                       "equity_balance_diff_neg_mean_min": 0.0013901538269144404,
                       "equity_balance_diff_neg_mean_std": 0.0,
                       "equity_balance_diff_pos_max_max": 0.03874576598222815,
                       "equity_balance_diff_pos_max_mean": 0.03874576598222815,
                       "equity_balance_diff_pos_max_min": 0.03874576598222815,
                       "equity_balance_diff_pos_max_std": 0.0,
                       "equity_balance_diff_pos_mean_max": 0.0011425314883462166,
                       "equity_balance_diff_pos_mean_mean": 0.0011425314883462166,
                       "equity_balance_diff_pos_mean_min": 0.0011425314883462166,
                       "equity_balance_diff_pos_mean_std": 0.0,
                       "expected_shortfall_1pct_max": 0.05195234420417083,
                       "expected_shortfall_1pct_mean": 0.05195234420417083,
                       "expected_shortfall_1pct_min": 0.05195234420417083,
                       "expected_shortfall_1pct_std": 0.0,
                       "gain_max": 3.5212798181715246,
                       "gain_mean": 3.5212798181715246,
                       "gain_min": 3.5212798181715246,
                       "gain_std": 0.0,
                       "loss_profit_ratio_max": 0.24740066798382587,
                       "loss_profit_ratio_mean": 0.24740066798382587,
                       "loss_profit_ratio_min": 0.24740066798382587,
                       "loss_profit_ratio_std": 0.0,
                       "loss_profit_ratio_w_max": 0.20909191954899856,
                       "loss_profit_ratio_w_mean": 0.20909191954899856,
                       "loss_profit_ratio_w_min": 0.20909191954899856,
                       "loss_profit_ratio_w_std": 0.0,
                       "mdg_max": 8.320853757105143e-05,
                       "mdg_mean": 8.320853757105143e-05,
                       "mdg_min": 8.320853757105143e-05,
                       "mdg_std": 0.0,
                       "mdg_w_max": 9.835816954797041e-05,
                       "mdg_w_mean": 9.835816954797041e-05,
                       "mdg_w_min": 9.835816954797041e-05,
                       "mdg_w_std": 0.0,
                       "n_iters": 87021,
                       "omega_ratio_max": 2.038143387294851,
                       "omega_ratio_mean": 2.038143387294851,
                       "omega_ratio_min": 2.038143387294851,
                       "omega_ratio_std": 0.0,
                       "omega_ratio_w_max": 2.3025188135075805,
                       "omega_ratio_w_mean": 2.3025188135075805,
                       "omega_ratio_w_min": 2.3025188135075805,
                       "omega_ratio_w_std": 0.0,
                       "position_held_hours_max_max": 310.6666666666667,
                       "position_held_hours_max_mean": 310.6666666666667,
                       "position_held_hours_max_min": 310.6666666666667,
                       "position_held_hours_max_std": 0.0,
                       "position_held_hours_mean_max": 23.564876690533016,
                       "position_held_hours_mean_mean": 23.564876690533016,
                       "position_held_hours_mean_min": 23.564876690533016,
                       "position_held_hours_mean_std": 0.0,
                       "position_held_hours_median_max": 14.033333333333333,
                       "position_held_hours_median_mean": 14.033333333333333,
                       "position_held_hours_median_min": 14.033333333333333,
                       "position_held_hours_median_std": 0.0,
                       "positions_held_per_day_max": 1.0128928283642225,
                       "positions_held_per_day_mean": 1.0128928283642225,
                       "positions_held_per_day_min": 1.0128928283642225,
                       "positions_held_per_day_std": 0.0,
                       "sharpe_ratio_max": 0.08737885092931325,
                       "sharpe_ratio_mean": 0.08737885092931325,
                       "sharpe_ratio_min": 0.08737885092931325,
                       "sharpe_ratio_std": 0.0,