{"analyses": {"bybit": {"adg": 0.00227061423234238,
                        "calmar_ratio": 0.009217196177920195,
                        "drawdown_worst": 0.24634543829951666,
                        "drawdown_worst_mean_1pct": 0.12278078823677964,
                        "equity_balance_diff_max": 0.2471056473761667,
                        "equity_balance_diff_mean": 0.0021724253989812508,
                        "expected_shortfall_1pct": 0.1148794171639843,
                        "loss_profit_ratio": 0.00935500993226251,
                        "mdg": 0.0011696503184591592,
                        "omega_ratio": 1.675200992582143,
                        "sharpe_ratio": 0.0972734657000853,
                        "sortino_ratio": 0.09447662014524623,
                        "sterling_ratio": 0.018493237133838544}},
 "analyses_combined": {"adg_max": 0.00227061423234238,
                       "adg_mean": 0.00227061423234238,
                       "adg_min": 0.00227061423234238,
                       "adg_std": 0.0,
                       "calmar_ratio_max": 0.009217196177920195,
                       "calmar_ratio_mean": 0.009217196177920195,
                       "calmar_ratio_min": 0.009217196177920195,
                       "calmar_ratio_std": 0.0,
                       "drawdown_worst_max": 0.24634543829951666,
                       "drawdown_worst_mean": 0.24634543829951666,
                       "drawdown_worst_mean_1pct_max": 0.12278078823677964,
                       "drawdown_worst_mean_1pct_mean": 0.12278078823677964,
                       "drawdown_worst_mean_1pct_min": 0.12278078823677964,
                       "drawdown_worst_mean_1pct_std": 0.0,
                       "drawdown_worst_min": 0.24634543829951666,
                       "drawdown_worst_std": 0.0,
                       "equity_balance_diff_max_max": 0.2471056473761667,
                       "equity_balance_diff_max_mean": 0.2471056473761667,
                       "equity_balance_diff_max_min": 0.2471056473761667,
                       "equity_balance_diff_max_std": 0.0,
                       "equity_balance_diff_mean_max": 0.0021724253989812508,
                       "equity_balance_diff_mean_mean": 0.0021724253989812508,
                       "equity_balance_diff_mean_min": 0.0021724253989812508,
                       "equity_balance_diff_mean_std": 0.0,
                       "expected_shortfall_1pct_max": 0.1148794171639843,
                       "expected_shortfall_1pct_mean": 0.1148794171639843,
                       "expected_shortfall_1pct_min": 0.1148794171639843,
                       "expected_shortfall_1pct_std": 0.0,
                       "loss_profit_ratio_max": 0.00935500993226251,
                       "loss_profit_ratio_mean": 0.00935500993226251,
                       "loss_profit_ratio_min": 0.00935500993226251,
                       "loss_profit_ratio_std": 0.0,
                       "mdg_max": 0.0011696503184591592,
                       "mdg_mean": 0.0011696503184591592,
                       "mdg_min": 0.0011696503184591592,
                       "mdg_std": 0.0,
                       "n_iters": 87730,
                       "omega_ratio_max": 1.675200992582143,
                       "omega_ratio_mean": 1.675200992582143,
                       "omega_ratio_min": 1.675200992582143,
                       "omega_ratio_std": 0.0,
                       "sharpe_ratio_max": 0.0972734657000853,
                       "sharpe_ratio_mean": 0.0972734657000853,
                       "sharpe_ratio_min": 0.0972734657000853,
                       "sharpe_ratio_std": 0.0,
                       "sortino_ratio_max": 0.09447662014524623,
                       "sortino_ratio_mean": 0.09447662014524623,
                       "sortino_ratio_min": 0.09447662014524623,
                       "sortino_ratio_std": 0.0,
                       "sterling_ratio_max": 0.018493237133838544,
                       "sterling_ratio_mean": 0.018493237133838544,
                       "sterling_ratio_min": 0.018493237133838544,
                       "sterling_ratio_std": 0.0,
                       "w_0": -0.0011696503184591592,
                       "w_1": -0.018493237133838544},
 "analysis": {"adg": 0.0029928312877820305,
              "calmar_ratio": 0.013729377483213172,
              "drawdown_worst": 0.21798739902383393,
              "drawdown_worst_mean_1pct": 0.14372120707067956,
              "equity_balance_diff_max": 0.3086235155225773,
              "equity_balance_diff_mean": 0.0035941337781381735,
              "expected_shortfall_1pct": 0.10674200440654635,
              "loss_profit_ratio": 0.01590974011634395,
              "mdg": 0.0007330456836162649,
              "n_iters": 686299,
              "omega_ratio": 1.981698342496604,
              "sharpe_ratio": 0.09354287467752095,
              "sortino_ratio": 0.14104223968462956,
              "sterling_ratio": 0.02082386690720047,
              "w_0": -0.0007330456836162649,
              "w_1": -0.02082386690720047},
 "backtest": {"base_dir": "backtests",
              "cache_dir": "caches/hlcvs_data/7db0dbca7f24dfef",
              "compress_cache": true,
              "end_date": "2025-01-01",
              "exchanges": ["bybit"],
              "start_date": "2021-10-01",
              "starting_balance": 10000,
              "symbols": {"bybit": ["DOGEUSDT", "SHIB1000USDT"]}},
 "bot": {"long": {"close_grid_markup_range": 0.002631077247624095,
                  "close_grid_min_markup": 0.003227183414546402,
                  "close_grid_qty_pct": 0.6777725395952265,
                  "close_trailing_grid_ratio": 0.0127435852249425,
                  "close_trailing_qty_pct": 0.28701862826886637,
                  "close_trailing_retracement_pct": 0.01322708728827319,
                  "close_trailing_threshold_pct": 0.01535437635448402,
                  "ema_span_0": 916.9415545334845,
                  "ema_span_1": 1074.4995394900802,
                  "entry_grid_double_down_factor": 1.8920859617536858,
                  "entry_grid_spacing_pct": 0.016734316389217695,
                  "entry_grid_spacing_weight": 7.640065756226761,
                  "entry_initial_ema_dist": -0.024986473792235776,
                  "entry_initial_qty_pct": 0.032732192658561275,
                  "entry_trailing_grid_ratio": -0.7192628574627762,
                  "entry_trailing_retracement_pct": 0.01995584016931859,
                  "entry_trailing_threshold_pct": 0.08874537121718207,
                  "filter_relative_volume_clip_pct": 0.05404974403829754,
                  "filter_rolling_window": 68.07966292915273,
                  "n_positions": 2,
                  "total_wallet_exposure_limit": 4,
                  "unstuck_close_pct": 0.03542078995831122,
                  "unstuck_ema_dist": -0.09751306213568167,
                  "unstuck_loss_allowance_pct": 0.00122138945675995,
                  "unstuck_threshold": 0.8295600983779209},
         "short": {"close_grid_markup_range": 0.002521293321030868,
                   "close_grid_min_markup": 0.01272044126728641,
                   "close_grid_qty_pct": 0.5608363510523681,
                   "close_trailing_grid_ratio": 0.24224890502112092,
                   "close_trailing_qty_pct": 0.08460097605419743,
                   "close_trailing_retracement_pct": 0.018176865179543235,
                   "close_trailing_threshold_pct": 0.03106317710839658,
                   "ema_span_0": 306.08018927218063,
                   "ema_span_1": 862.7527976663889,
                   "entry_grid_double_down_factor": 1.005528230773394,
                   "entry_grid_spacing_pct": 0.009531036927631024,
                   "entry_grid_spacing_weight": 4.594229093446815,
                   "entry_initial_ema_dist": -0.041538721184719345,
                   "entry_initial_qty_pct": 0.07214863218471812,