{"analyses": {"bybit": {"adg": 0.0021858500836522956,
                        "calmar_ratio": 0.00897651916218347,
                        "drawdown_worst": 0.24350753829623686,
                        "drawdown_worst_mean_1pct": 0.09587660948486533,
                        "equity_balance_diff_max": 0.2463471430183028,
                        "equity_balance_diff_mean": 0.0018376065290657074,
                        "expected_shortfall_1pct": 0.08742013481256322,
                        "loss_profit_ratio": 0.0026062548330312405,
                        "mdg": 0.0007242012555814382,
                        "omega_ratio": 1.8502069719865317,
                        "sharpe_ratio": 0.10498801111305547,
                        "sortino_ratio": 0.11045369187816968,
                        "sterling_ratio": 0.02279857512063299}},
 "analyses_combined": {"adg_max": 0.0021858500836522956,
                       "adg_mean": 0.0021858500836522956,
                       "adg_min": 0.0021858500836522956,
                       "adg_std": 0.0,
                       "calmar_ratio_max": 0.00897651916218347,
                       "calmar_ratio_mean": 0.00897651916218347,
                       "calmar_ratio_min": 0.00897651916218347,
                       "calmar_ratio_std": 0.0,
                       "drawdown_worst_max": 0.24350753829623686,
                       "drawdown_worst_mean": 0.24350753829623686,
                       "drawdown_worst_mean_1pct_max": 0.09587660948486533,
                       "drawdown_worst_mean_1pct_mean": 0.09587660948486533,
                       "drawdown_worst_mean_1pct_min": 0.09587660948486533,
                       "drawdown_worst_mean_1pct_std": 0.0,
                       "drawdown_worst_min": 0.24350753829623686,
                       "drawdown_worst_std": 0.0,
                       "equity_balance_diff_max_max": 0.2463471430183028,
                       "equity_balance_diff_max_mean": 0.2463471430183028,
                       "equity_balance_diff_max_min": 0.2463471430183028,
                       "equity_balance_diff_max_std": 0.0,
                       "equity_balance_diff_mean_max": 0.0018376065290657074,
                       "equity_balance_diff_mean_mean": 0.0018376065290657074,
                       "equity_balance_diff_mean_min": 0.0018376065290657074,
                       "equity_balance_diff_mean_std": 0.0,
                       "expected_shortfall_1pct_max": 0.08742013481256322,
                       "expected_shortfall_1pct_mean": 0.08742013481256322,
                       "expected_shortfall_1pct_min": 0.08742013481256322,
                       "expected_shortfall_1pct_std": 0.0,
                       "loss_profit_ratio_max": 0.0026062548330312405,
                       "loss_profit_ratio_mean": 0.0026062548330312405,
                       "loss_profit_ratio_min": 0.0026062548330312405,
                       "loss_profit_ratio_std": 0.0,
                       "mdg_max": 0.0007242012555814382,
                       "mdg_mean": 0.0007242012555814382,
                       "mdg_min": 0.0007242012555814382,
                       "mdg_std": 0.0,
                       "n_iters": 324067,
                       "omega_ratio_max": 1.8502069719865317,
                       "omega_ratio_mean": 1.8502069719865317,
                       "omega_ratio_min": 1.8502069719865317,
                       "omega_ratio_std": 0.0,
                       "sharpe_ratio_max": 0.10498801111305547,
                       "sharpe_ratio_mean": 0.10498801111305547,
                       "sharpe_ratio_min": 0.10498801111305547,
                       "sharpe_ratio_std": 0.0,
                       "sortino_ratio_max": 0.11045369187816968,
                       "sortino_ratio_mean": 0.11045369187816968,
                       "sortino_ratio_min": 0.11045369187816968,
                       "sortino_ratio_std": 0.0,
                       "sterling_ratio_max": 0.02279857512063299,
                       "sterling_ratio_mean": 0.02279857512063299,
                       "sterling_ratio_min": 0.02279857512063299,
                       "sterling_ratio_std": 0.0,
                       "w_0": -0.0007242012555814382,
                       "w_1": -0.02279857512063299},
 "analysis": {"adg": 0.0029928312877820305,
              "calmar_ratio": 0.013729377483213172,
              "drawdown_worst": 0.21798739902383393,
              "drawdown_worst_mean_1pct": 0.14372120707067956,
              "equity_balance_diff_max": 0.3086235155225773,
              "equity_balance_diff_mean": 0.0035941337781381735,
              "expected_shortfall_1pct": 0.10674200440654635,
              "loss_profit_ratio": 0.01590974011634395,
              "mdg": 0.0007330456836162649,
              "n_iters": 686299,
              "omega_ratio": 1.981698342496604,
              "sharpe_ratio": 0.09354287467752095,
              "sortino_ratio": 0.14104223968462956,
              "sterling_ratio": 0.02082386690720047,
              "w_0": -0.0007330456836162649,
              "w_1": -0.02082386690720047},
 "backtest": {"base_dir": "backtests",
              "cache_dir": "caches/hlcvs_data/7db0dbca7f24dfef",
              "compress_cache": true,
              "end_date": "2025-02-05",
              "exchanges": ["bybit"],
              "start_date": "2021-10-01",
              "starting_balance": 10000,
              "symbols": {"bybit": ["DOGEUSDT", "SHIB1000USDT"]}},
 "bot": {"long": {"close_grid_markup_range": 0.005727363318989115,
                  "close_grid_min_markup": 0.004299886185333533,
                  "close_grid_qty_pct": 0.051771430952264864,
                  "close_trailing_grid_ratio": 0.01356145887073281,
                  "close_trailing_qty_pct": 0.7272999817767587,
                  "close_trailing_retracement_pct": 0.03892782483085181,
                  "close_trailing_threshold_pct": 0.05538793230781589,
                  "ema_span_0": 221.57175312988758,
                  "ema_span_1": 223.0445920890741,
                  "entry_grid_double_down_factor": 1.8839967560040642,
                  "entry_grid_spacing_pct": 0.019795814151838714,
                  "entry_grid_spacing_weight": 5.468291701508818,
                  "entry_initial_ema_dist": -0.014820295605361909,
                  "entry_initial_qty_pct": 0.029646502364306614,
                  "entry_trailing_grid_ratio": -0.689104993984478,
                  "entry_trailing_retracement_pct": 0.019911099606974018,
                  "entry_trailing_threshold_pct": 0.09056780941441378,
                  "filter_relative_volume_clip_pct": 0.13870311302982513,
                  "filter_rolling_window": 73.16903347126143,
                  "n_positions": 2,
                  "total_wallet_exposure_limit": 2,
                  "unstuck_close_pct": 0.0010147864661082294,
                  "unstuck_ema_dist": -0.08987913814852153,
                  "unstuck_loss_allowance_pct": 5.0760936938588565e-05,
                  "unstuck_threshold": 0.8004193075908201},
         "short": {"close_grid_markup_range": 0.021543152528187014,
                   "close_grid_min_markup": 0.009967745239877127,
                   "close_grid_qty_pct": 0.2818577936673635,
                   "close_trailing_grid_ratio": -0.01100845340499303,
                   "close_trailing_qty_pct": 0.650546385116222,
                   "close_trailing_retracement_pct": 0.0617779913451096,
                   "close_trailing_threshold_pct": 0.07762937791251573,
                   "ema_span_0": 1125.6181140468095,
                   "ema_span_1": 409.3533666141355,
                   "entry_grid_double_down_factor": 1.1681800559657844,
                   "entry_grid_spacing_pct": 0.037607655817836705,
                   "entry_grid_spacing_weight": 5.692651920181613,
                   "entry_initial_ema_dist": -0.0052141078456760335,
                   "entry_initial_qty_pct": 0.019772111891720217,