{"analyses": {"combined": {"adg": 0.001022241115110751,
                           "adg_w": 0.000826912169126332,
                           "calmar_ratio": 0.007144356943094282,
                           "calmar_ratio_w": 0.03086144614546273,
                           "drawdown_worst": 0.1430837125374659,
                           "drawdown_worst_mean_1pct": 0.06183928509226036,
                           "equity_balance_diff_neg_max": 0.19402932603536036,
                           "equity_balance_diff_neg_mean": 0.001019869487401605,
                           "equity_balance_diff_pos_max": 0.03528895683859204,
                           "equity_balance_diff_pos_mean": 0.0005488645301305174,
                           "expected_shortfall_1pct": 0.044855571612879515,
                           "gain": 2.835402837114329,
                           "loss_profit_ratio": 0.22433579591382147,
                           "loss_profit_ratio_w": 0.2281232983670193,
                           "mdg": 7.143579076128373e-05,
                           "mdg_w": 7.11328491481898e-05,
                           "omega_ratio": 2.0729656882340968,
                           "omega_ratio_w": 2.5146806626250053,
                           "position_held_hours_max": 166.65,
                           "position_held_hours_mean": 11.579164673999681,
                           "position_held_hours_median": 5.583333333333333,
                           "positions_held_per_day": 1.8837837837837839,
                           "sharpe_ratio": 0.07682740872246979,
                           "sharpe_ratio_w": 0.12037050272022372,
                           "sortino_ratio": 0.10658136114490116,
                           "sortino_ratio_w": 0.22396339724436093,
                           "sterling_ratio": 0.016530610170955744,
                           "sterling_ratio_w": 0.03554205660798926}},
 "analyses_combined": {"adg_max": 0.001022241115110751,
                       "adg_mean": 0.001022241115110751,
                       "adg_min": 0.001022241115110751,
                       "adg_std": 0.0,
                       "adg_w_max": 0.000826912169126332,
                       "adg_w_mean": 0.000826912169126332,
                       "adg_w_min": 0.000826912169126332,
                       "adg_w_std": 0.0,
                       "calmar_ratio_max": 0.007144356943094282,
                       "calmar_ratio_mean": 0.007144356943094282,
                       "calmar_ratio_min": 0.007144356943094282,
                       "calmar_ratio_std": 0.0,
                       "calmar_ratio_w_max": 0.03086144614546273,
                       "calmar_ratio_w_mean": 0.03086144614546273,
                       "calmar_ratio_w_min": 0.03086144614546273,
                       "calmar_ratio_w_std": 0.0,
                       "drawdown_worst_max": 0.1430837125374659,
                       "drawdown_worst_mean": 0.1430837125374659,
                       "drawdown_worst_mean_1pct_max": 0.06183928509226036,
                       "drawdown_worst_mean_1pct_mean": 0.06183928509226036,
                       "drawdown_worst_mean_1pct_min": 0.06183928509226036,
                       "drawdown_worst_mean_1pct_std": 0.0,
                       "drawdown_worst_min": 0.1430837125374659,
                       "drawdown_worst_std": 0.0,
                       "equity_balance_diff_neg_max_max": 0.19402932603536036,
                       "equity_balance_diff_neg_max_mean": 0.19402932603536036,
                       "equity_balance_diff_neg_max_min": 0.19402932603536036,
                       "equity_balance_diff_neg_max_std": 0.0,
                       "equity_balance_diff_neg_mean_max": 0.001019869487401605,
                       "equity_balance_diff_neg_mean_mean": 0.001019869487401605,
                       "equity_balance_diff_neg_mean_min": 0.001019869487401605,
                       "equity_balance_diff_neg_mean_std": 0.0,
                       "equity_balance_diff_pos_max_max": 0.03528895683859204,
                       "equity_balance_diff_pos_max_mean": 0.03528895683859204,
                       "equity_balance_diff_pos_max_min": 0.03528895683859204,
                       "equity_balance_diff_pos_max_std": 0.0,
                       "equity_balance_diff_pos_mean_max": 0.0005488645301305174,
                       "equity_balance_diff_pos_mean_mean": 0.0005488645301305174,
                       "equity_balance_diff_pos_mean_min": 0.0005488645301305174,
                       "equity_balance_diff_pos_mean_std": 0.0,
                       "expected_shortfall_1pct_max": 0.044855571612879515,
                       "expected_shortfall_1pct_mean": 0.044855571612879515,
                       "expected_shortfall_1pct_min": 0.044855571612879515,
                       "expected_shortfall_1pct_std": 0.0,
                       "gain_max": 2.835402837114329,
                       "gain_mean": 2.835402837114329,
                       "gain_min": 2.835402837114329,
                       "gain_std": 0.0,
                       "loss_profit_ratio_max": 0.22433579591382147,
                       "loss_profit_ratio_mean": 0.22433579591382147,
                       "loss_profit_ratio_min": 0.22433579591382147,
                       "loss_profit_ratio_std": 0.0,
                       "loss_profit_ratio_w_max": 0.2281232983670193,
                       "loss_profit_ratio_w_mean": 0.2281232983670193,
                       "loss_profit_ratio_w_min": 0.2281232983670193,
                       "loss_profit_ratio_w_std": 0.0,
                       "mdg_max": 7.143579076128373e-05,
                       "mdg_mean": 7.143579076128373e-05,
                       "mdg_min": 7.143579076128373e-05,
                       "mdg_std": 0.0,
                       "mdg_w_max": 7.11328491481898e-05,
                       "mdg_w_mean": 7.11328491481898e-05,
                       "mdg_w_min": 7.11328491481898e-05,
                       "mdg_w_std": 0.0,
                       "n_iters": 53021,
                       "omega_ratio_max": 2.0729656882340968,
                       "omega_ratio_mean": 2.0729656882340968,
                       "omega_ratio_min": 2.0729656882340968,
                       "omega_ratio_std": 0.0,
                       "omega_ratio_w_max": 2.5146806626250053,
                       "omega_ratio_w_mean": 2.5146806626250053,
                       "omega_ratio_w_min": 2.5146806626250053,
                       "omega_ratio_w_std": 0.0,
                       "position_held_hours_max_max": 166.65,
                       "position_held_hours_max_mean": 166.65,
                       "position_held_hours_max_min": 166.65,
                       "position_held_hours_max_std": 0.0,
                       "position_held_hours_mean_max": 11.579164673999681,
                       "position_held_hours_mean_mean": 11.579164673999681,
                       "position_held_hours_mean_min": 11.579164673999681,
                       "position_held_hours_mean_std": 0.0,
                       "position_held_hours_median_max": 5.583333333333333,
                       "position_held_hours_median_mean": 5.583333333333333,
                       "position_held_hours_median_min": 5.583333333333333,
                       "position_held_hours_median_std": 0.0,
                       "positions_held_per_day_max": 1.8837837837837839,
                       "positions_held_per_day_mean": 1.8837837837837839,
                       "positions_held_per_day_min": 1.8837837837837839,
                       "positions_held_per_day_std": 0.0,
                       "sharpe_ratio_max": 0.07682740872246979,
                       "sharpe_ratio_mean": 0.07682740872246979,
                       "sharpe_ratio_min": 0.07682740872246979,
                       "sharpe_ratio_std": 0.0,
                       "sharpe_ratio_w_max": 0.12037050272022372,