{"analyses": {"combined": {"adg": 0.0018805463212316737,
                           "adg_w": 0.0015754963750044871,
                           "calmar_ratio": 0.0063938425985788725,
                           "calmar_ratio_w": 0.024735031503078927,
                           "drawdown_worst": 0.29411833216689653,
                           "drawdown_worst_mean_1pct": 0.11354555600173367,
                           "equity_balance_diff_neg_max": 0.2675139854677283,
                           "equity_balance_diff_neg_mean": 0.00255833685527711,
                           "equity_balance_diff_pos_max": 0.16780981777296464,
                           "equity_balance_diff_pos_mean": 0.0022998221138346778,
                           "expected_shortfall_1pct": 0.08965939127382296,
                           "gain": 7.460407541509698,
                           "loss_profit_ratio": 0.2154152274341047,
                           "loss_profit_ratio_w": 0.22008396605492703,
                           "mdg": 0.00013079225018309025,
                           "mdg_w": 0.00014504948398571735,
                           "omega_ratio": 2.112850410753747,
                           "omega_ratio_w": 2.5263124514252366,
                           "position_held_hours_max": 334.6333333333333,
                           "position_held_hours_mean": 19.927080443828018,
                           "position_held_hours_median": 10.45,
                           "positions_held_per_day": 1.161966156325544,
                           "sharpe_ratio": 0.0802428045811903,
                           "sharpe_ratio_w": 0.09527788866583016,
                           "sortino_ratio": 0.10727957085613885,
                           "sortino_ratio_w": 0.20108992181491678,
                           "sterling_ratio": 0.01656204247397371,
                           "sterling_ratio_w": 0.029307800703072096}},
 "analyses_combined": {"adg_max": 0.0018805463212316737,
                       "adg_mean": 0.0018805463212316737,
                       "adg_min": 0.0018805463212316737,
                       "adg_std": 0.0,
                       "adg_w_max": 0.0015754963750044871,
                       "adg_w_mean": 0.0015754963750044871,
                       "adg_w_min": 0.0015754963750044871,
                       "adg_w_std": 0.0,
                       "calmar_ratio_max": 0.0063938425985788725,
                       "calmar_ratio_mean": 0.0063938425985788725,
                       "calmar_ratio_min": 0.0063938425985788725,
                       "calmar_ratio_std": 0.0,
                       "calmar_ratio_w_max": 0.024735031503078927,
                       "calmar_ratio_w_mean": 0.024735031503078927,
                       "calmar_ratio_w_min": 0.024735031503078927,
                       "calmar_ratio_w_std": 0.0,
                       "drawdown_worst_max": 0.29411833216689653,
                       "drawdown_worst_mean": 0.29411833216689653,
                       "drawdown_worst_mean_1pct_max": 0.11354555600173367,
                       "drawdown_worst_mean_1pct_mean": 0.11354555600173367,
                       "drawdown_worst_mean_1pct_min": 0.11354555600173367,
                       "drawdown_worst_mean_1pct_std": 0.0,
                       "drawdown_worst_min": 0.29411833216689653,
                       "drawdown_worst_std": 0.0,
                       "equity_balance_diff_neg_max_max": 0.2675139854677283,
                       "equity_balance_diff_neg_max_mean": 0.2675139854677283,
                       "equity_balance_diff_neg_max_min": 0.2675139854677283,
                       "equity_balance_diff_neg_max_std": 0.0,
                       "equity_balance_diff_neg_mean_max": 0.00255833685527711,
                       "equity_balance_diff_neg_mean_mean": 0.00255833685527711,
                       "equity_balance_diff_neg_mean_min": 0.00255833685527711,
                       "equity_balance_diff_neg_mean_std": 0.0,
                       "equity_balance_diff_pos_max_max": 0.16780981777296464,
                       "equity_balance_diff_pos_max_mean": 0.16780981777296464,
                       "equity_balance_diff_pos_max_min": 0.16780981777296464,
                       "equity_balance_diff_pos_max_std": 0.0,
                       "equity_balance_diff_pos_mean_max": 0.0022998221138346778,
                       "equity_balance_diff_pos_mean_mean": 0.0022998221138346778,
                       "equity_balance_diff_pos_mean_min": 0.0022998221138346778,
                       "equity_balance_diff_pos_mean_std": 0.0,
                       "expected_shortfall_1pct_max": 0.08965939127382296,
                       "expected_shortfall_1pct_mean": 0.08965939127382296,
                       "expected_shortfall_1pct_min": 0.08965939127382296,
                       "expected_shortfall_1pct_std": 0.0,
                       "gain_max": 7.460407541509698,
                       "gain_mean": 7.460407541509698,
                       "gain_min": 7.460407541509698,
                       "gain_std": 0.0,
                       "loss_profit_ratio_max": 0.2154152274341047,
                       "loss_profit_ratio_mean": 0.2154152274341047,
                       "loss_profit_ratio_min": 0.2154152274341047,
                       "loss_profit_ratio_std": 0.0,
                       "loss_profit_ratio_w_max": 0.22008396605492703,
                       "loss_profit_ratio_w_mean": 0.22008396605492703,
                       "loss_profit_ratio_w_min": 0.22008396605492703,
                       "loss_profit_ratio_w_std": 0.0,
                       "mdg_max": 0.00013079225018309025,
                       "mdg_mean": 0.00013079225018309025,
                       "mdg_min": 0.00013079225018309025,
                       "mdg_std": 0.0,
                       "mdg_w_max": 0.00014504948398571735,
                       "mdg_w_mean": 0.00014504948398571735,
                       "mdg_w_min": 0.00014504948398571735,
                       "mdg_w_std": 0.0,
                       "n_iters": 577572,
                       "omega_ratio_max": 2.112850410753747,
                       "omega_ratio_mean": 2.112850410753747,
                       "omega_ratio_min": 2.112850410753747,
                       "omega_ratio_std": 0.0,
                       "omega_ratio_w_max": 2.5263124514252366,
                       "omega_ratio_w_mean": 2.5263124514252366,
                       "omega_ratio_w_min": 2.5263124514252366,
                       "omega_ratio_w_std": 0.0,
                       "position_held_hours_max_max": 334.6333333333333,
                       "position_held_hours_max_mean": 334.6333333333333,
                       "position_held_hours_max_min": 334.6333333333333,
                       "position_held_hours_max_std": 0.0,
                       "position_held_hours_mean_max": 19.927080443828018,
                       "position_held_hours_mean_mean": 19.927080443828018,
                       "position_held_hours_mean_min": 19.927080443828018,
                       "position_held_hours_mean_std": 0.0,
                       "position_held_hours_median_max": 10.45,
                       "position_held_hours_median_mean": 10.45,
                       "position_held_hours_median_min": 10.45,
                       "position_held_hours_median_std": 0.0,
                       "positions_held_per_day_max": 1.161966156325544,
                       "positions_held_per_day_mean": 1.161966156325544,
                       "positions_held_per_day_min": 1.161966156325544,
                       "positions_held_per_day_std": 0.0,
                       "sharpe_ratio_max": 0.0802428045811903,
                       "sharpe_ratio_mean": 0.0802428045811903,
                       "sharpe_ratio_min": 0.0802428045811903,
                       "sharpe_ratio_std": 0.0,
                       "sharpe_ratio_w_max": 0.09527788866583016,