{"analyses": {"combined": {"adg": 0.000663412568630418,
                           "adg_w": 0.0002525017381707176,
                           "calmar_ratio": 0.004175448020730658,
                           "calmar_ratio_w": 0.018892076604500572,
                           "drawdown_worst": 0.15888416412721337,
                           "drawdown_worst_mean_1pct": 0.0795170669636417,
                           "equity_balance_diff_neg_max": 0.14021384346384605,
                           "equity_balance_diff_neg_mean": 0.0017173212244575209,
                           "equity_balance_diff_pos_max": 0.39373859601386296,
                           "equity_balance_diff_pos_mean": 0.00203060616429745,
                           "expected_shortfall_1pct": 0.03747178383354621,
                           "gain": 2.1219564442794536,
                           "loss_profit_ratio": 0.3022309007215096,
                           "loss_profit_ratio_w": 0.4614750746775795,
                           "mdg": 7.891611168064862e-05,
                           "mdg_w": 0.00010037197294555124,
                           "omega_ratio": 1.950217186833195,
                           "omega_ratio_w": 1.6197903412033583,
                           "position_held_hours_max": 346.6166666666667,
                           "position_held_hours_mean": 43.77368679430535,
                           "position_held_hours_median": 22.9,
                           "positions_held_per_day": 0.5471394037066881,
                           "sharpe_ratio": 0.06083490499353879,
                           "sharpe_ratio_w": 0.08883295449593645,
                           "sortino_ratio": 0.10090830210258618,
                           "sortino_ratio_w": 0.14670246645185825,
                           "sterling_ratio": 0.008343021114369775,
                           "sterling_ratio_w": 0.021699310645977073}},
 "analyses_combined": {"adg_max": 0.000663412568630418,
                       "adg_mean": 0.000663412568630418,
                       "adg_min": 0.000663412568630418,
                       "adg_std": 0.0,
                       "adg_w_max": 0.0002525017381707176,
                       "adg_w_mean": 0.0002525017381707176,
                       "adg_w_min": 0.0002525017381707176,
                       "adg_w_std": 0.0,
                       "calmar_ratio_max": 0.004175448020730658,
                       "calmar_ratio_mean": 0.004175448020730658,
                       "calmar_ratio_min": 0.004175448020730658,
                       "calmar_ratio_std": 0.0,
                       "calmar_ratio_w_max": 0.018892076604500572,
                       "calmar_ratio_w_mean": 0.018892076604500572,
                       "calmar_ratio_w_min": 0.018892076604500572,
                       "calmar_ratio_w_std": 0.0,
                       "drawdown_worst_max": 0.15888416412721337,
                       "drawdown_worst_mean": 0.15888416412721337,
                       "drawdown_worst_mean_1pct_max": 0.0795170669636417,
                       "drawdown_worst_mean_1pct_mean": 0.0795170669636417,
                       "drawdown_worst_mean_1pct_min": 0.0795170669636417,
                       "drawdown_worst_mean_1pct_std": 0.0,
                       "drawdown_worst_min": 0.15888416412721337,
                       "drawdown_worst_std": 0.0,
                       "equity_balance_diff_neg_max_max": 0.14021384346384605,
                       "equity_balance_diff_neg_max_mean": 0.14021384346384605,
                       "equity_balance_diff_neg_max_min": 0.14021384346384605,
                       "equity_balance_diff_neg_max_std": 0.0,
                       "equity_balance_diff_neg_mean_max": 0.0017173212244575209,
                       "equity_balance_diff_neg_mean_mean": 0.0017173212244575209,
                       "equity_balance_diff_neg_mean_min": 0.0017173212244575209,
                       "equity_balance_diff_neg_mean_std": 0.0,
                       "equity_balance_diff_pos_max_max": 0.39373859601386296,
                       "equity_balance_diff_pos_max_mean": 0.39373859601386296,
                       "equity_balance_diff_pos_max_min": 0.39373859601386296,
                       "equity_balance_diff_pos_max_std": 0.0,
                       "equity_balance_diff_pos_mean_max": 0.00203060616429745,
                       "equity_balance_diff_pos_mean_mean": 0.00203060616429745,
                       "equity_balance_diff_pos_mean_min": 0.00203060616429745,
                       "equity_balance_diff_pos_mean_std": 0.0,
                       "expected_shortfall_1pct_max": 0.03747178383354621,
                       "expected_shortfall_1pct_mean": 0.03747178383354621,
                       "expected_shortfall_1pct_min": 0.03747178383354621,
                       "expected_shortfall_1pct_std": 0.0,
                       "gain_max": 2.1219564442794536,
                       "gain_mean": 2.1219564442794536,
                       "gain_min": 2.1219564442794536,
                       "gain_std": 0.0,
                       "loss_profit_ratio_max": 0.3022309007215096,
                       "loss_profit_ratio_mean": 0.3022309007215096,
                       "loss_profit_ratio_min": 0.3022309007215096,
                       "loss_profit_ratio_std": 0.0,
                       "loss_profit_ratio_w_max": 0.4614750746775795,
                       "loss_profit_ratio_w_mean": 0.4614750746775795,
                       "loss_profit_ratio_w_min": 0.4614750746775795,
                       "loss_profit_ratio_w_std": 0.0,
                       "mdg_max": 7.891611168064862e-05,
                       "mdg_mean": 7.891611168064862e-05,
                       "mdg_min": 7.891611168064862e-05,
                       "mdg_std": 0.0,
                       "mdg_w_max": 0.00010037197294555124,
                       "mdg_w_mean": 0.00010037197294555124,
                       "mdg_w_min": 0.00010037197294555124,
                       "mdg_w_std": 0.0,
                       "n_iters": 19593,
                       "omega_ratio_max": 1.950217186833195,
                       "omega_ratio_mean": 1.950217186833195,
                       "omega_ratio_min": 1.950217186833195,
                       "omega_ratio_std": 0.0,
                       "omega_ratio_w_max": 1.6197903412033583,
                       "omega_ratio_w_mean": 1.6197903412033583,
                       "omega_ratio_w_min": 1.6197903412033583,
                       "omega_ratio_w_std": 0.0,
                       "position_held_hours_max_max": 346.6166666666667,
                       "position_held_hours_max_mean": 346.6166666666667,
                       "position_held_hours_max_min": 346.6166666666667,
                       "position_held_hours_max_std": 0.0,
                       "position_held_hours_mean_max": 43.77368679430535,
                       "position_held_hours_mean_mean": 43.77368679430535,
                       "position_held_hours_mean_min": 43.77368679430535,
                       "position_held_hours_mean_std": 0.0,
                       "position_held_hours_median_max": 22.9,
                       "position_held_hours_median_mean": 22.9,
                       "position_held_hours_median_min": 22.9,
                       "position_held_hours_median_std": 0.0,
                       "positions_held_per_day_max": 0.5471394037066881,
                       "positions_held_per_day_mean": 0.5471394037066881,
                       "positions_held_per_day_min": 0.5471394037066881,
                       "positions_held_per_day_std": 0.0,
                       "sharpe_ratio_max": 0.06083490499353879,
                       "sharpe_ratio_mean": 0.06083490499353879,
                       "sharpe_ratio_min": 0.06083490499353879,
                       "sharpe_ratio_std": 0.0,
                       "sharpe_ratio_w_max": 0.08883295449593645,