{
  "config_name": "recursive_grid_1_symbols_199days",
  "logging_level": 0,
  "long": {
    "auto_unstuck_delay_minutes": 0.0,
    "auto_unstuck_ema_dist": 0.0,
    "auto_unstuck_qty_pct": 0.0,
    "auto_unstuck_wallet_exposure_threshold": 0.0,
    "backwards_tp": true,
    "ddown_factor": 0.5477679101352193,
    "ema_span_0": 1231.0515224493643,
    "ema_span_1": 936.2507871691043,
    "enabled": true,
    "initial_eprice_ema_dist": -0.007538114235150665,
    "initial_qty_pct": 0.008807914381083488,
    "markup_range": 0.007649149668719648,
    "min_markup": 0.009508180207231633,
    "n_close_orders": 9,
    "rentry_pprice_dist": 0.034876715054724644,
    "rentry_pprice_dist_wallet_exposure_weighting": 3.3434105678366537,
    "wallet_exposure_limit": 1.0
  },
  "short": {
    "auto_unstuck_delay_minutes": 0.0,
    "auto_unstuck_ema_dist": 0.0,
    "auto_unstuck_qty_pct": 0.0,
    "auto_unstuck_wallet_exposure_threshold": 0.0,
    "backwards_tp": true,
    "ddown_factor": 2.9703971766334014,
    "ema_span_0": 1433.1625488436428,
    "ema_span_1": 578.9337307563881,
    "enabled": false,
    "initial_eprice_ema_dist": -0.0013028408123631225,
    "initial_qty_pct": 0.007423678387434014,
    "markup_range": 0.0003402202387084907,
    "min_markup": 0.0037870275362068377,
    "n_close_orders": 13,
    "rentry_pprice_dist": 0.007187912002543953,
    "rentry_pprice_dist_wallet_exposure_weighting": 3.162282418578914,
    "wallet_exposure_limit": 1.0
  }
}