{
  "config_name": "recursive_grid_1_symbols_1479days",
  "logging_level": 0,
  "long": {
    "auto_unstuck_delay_minutes": 0,
    "auto_unstuck_ema_dist": 0,
    "auto_unstuck_qty_pct": 0,
    "auto_unstuck_wallet_exposure_threshold": 0.0,
    "backwards_tp": true,
    "ddown_factor": 1.9789307592299614,
    "ema_span_0": 632.5510258381652,
    "ema_span_1": 641.8583690541111,
    "enabled": true,
    "initial_eprice_ema_dist": -0.0022310696693828066,
    "initial_qty_pct": 0.01814198218802944,
    "markup_range": 0.01,
    "min_markup": 0.00982576778767592,
    "n_close_orders": 2,
    "rentry_pprice_dist": 0.03417509510791453,
    "rentry_pprice_dist_wallet_exposure_weighting": 5.500386680920231,
    "wallet_exposure_limit": 1
  },
  "short": {
    "auto_unstuck_delay_minutes": 0.0,
    "auto_unstuck_ema_dist": 0.0,
    "auto_unstuck_qty_pct": 0.0,
    "auto_unstuck_wallet_exposure_threshold": 0.0,
    "backwards_tp": true,
    "ddown_factor": 0.3715818669717257,
    "ema_span_0": 1117.8828755965733,
    "ema_span_1": 705.9073556965743,
    "enabled": false,
    "initial_eprice_ema_dist": -0.00676125456872366,
    "initial_qty_pct": 0.017940335461417697,
    "markup_range": 0.0070521429686304675,
    "min_markup": 0.0011447990849818212,
    "n_close_orders": 11,
    "rentry_pprice_dist": 0.024318441060037357,
    "rentry_pprice_dist_wallet_exposure_weighting": 6.044319083469726,
    "wallet_exposure_limit": 1.0
  }
}