{
  "config_name": "recursive_grid_ASTRUSDT_704days",
  "logging_level": 0,
  "long": {
    "auto_unstuck_delay_minutes": 0.0,
    "auto_unstuck_ema_dist": 0.0002,
    "auto_unstuck_qty_pct": 0,
    "auto_unstuck_wallet_exposure_threshold": 0.03252061013773263,
    "backwards_tp": true,
    "ddown_factor": 0.7778768196181168,
    "ema_span_0": 2011.854684583812,
    "ema_span_1": 3816.431311629817,
    "enabled": true,
    "initial_eprice_ema_dist": -0.027201146327193636,
    "initial_qty_pct": 0.02623780868582284,
    "markup_range": 0.006179615988464981,
    "min_markup": 0.008660038353756793,
    "n_close_orders": 11,
    "rentry_pprice_dist": 0.036067415407710954,
    "rentry_pprice_dist_wallet_exposure_weighting": 0.3183796712793611,
    "wallet_exposure_limit": 0.5
  },
  "short": {
    "auto_unstuck_delay_minutes": 782.2426522676573,
    "auto_unstuck_ema_dist": -0.04969012250743199,
    "auto_unstuck_qty_pct": 0.07884349183239309,
    "auto_unstuck_wallet_exposure_threshold": 0.056868506724909035,
    "backwards_tp": true,
    "ddown_factor": 0.7129585790748463,
    "ema_span_0": 347.369146005647,
    "ema_span_1": 3602.225927454044,
    "enabled": false,
    "initial_eprice_ema_dist": -0.06271970196154657,
    "initial_qty_pct": 0.027466091047442145,
    "markup_range": 0.006049036833849497,
    "min_markup": 0.004025080740812715,
    "n_close_orders": 24,
    "rentry_pprice_dist": 0.025089768882896653,
    "rentry_pprice_dist_wallet_exposure_weighting": 3.7959875964623455,
    "wallet_exposure_limit": 1.0
  }
}