{
  "config_name": "neat_grid_1_symbols_764days",
  "logging_level": 0,
  "long": {
    "auto_unstuck_delay_minutes": 1378.7229860845787,
    "auto_unstuck_ema_dist": -0.08823650640999638,
    "auto_unstuck_qty_pct": 0.02324826880687048,
    "auto_unstuck_wallet_exposure_threshold": 0.6311780316066403,
    "backwards_tp": true,
    "ema_span_0": 88.78398921952424,
    "ema_span_1": 1077.9079190427144,
    "enabled": true,
    "eprice_exp_base": 1.0028462046668312,
    "eqty_exp_base": 3.2992019157874224,
    "grid_span": 0.3941605586365596,
    "initial_eprice_ema_dist": 0.0009490737362667011,
    "initial_qty_pct": 0.01679213885939544,
    "markup_range": 0.008750633157046302,
    "max_n_entry_orders": 8,
    "min_markup": 0.009768395345080415,
    "n_close_orders": 8,
    "wallet_exposure_limit": 1.0
  },
  "short": {
    "auto_unstuck_delay_minutes": 1354.034107032966,
    "auto_unstuck_ema_dist": -0.012516343000178773,
    "auto_unstuck_qty_pct": 0.05564692925739194,
    "auto_unstuck_wallet_exposure_threshold": 0.23970033583149328,
    "backwards_tp": true,
    "ema_span_0": 998.9404873333509,
    "ema_span_1": 766.667421292985,
    "enabled": true,
    "eprice_exp_base": 1.0897099619960706,
    "eqty_exp_base": 4,
    "grid_span": 0.7,
    "initial_eprice_ema_dist": 0.003,
    "initial_qty_pct": 0.01643921349204088,
    "markup_range": 0.0,
    "max_n_entry_orders": 8,
    "min_markup": 0.0011280977283778268,
    "n_close_orders": 3,
    "wallet_exposure_limit": 1.0
  }
}