{
  "config_name": "recursive_grid_0days",
  "logging_level": 0,
  "long": {
    "auto_unstuck_ema_dist": 0.0023976159090326864,
    "auto_unstuck_wallet_exposure_threshold": 0.03555585266942905,
    "backwards_tp": true,
    "ddown_factor": 1.0333833056845558,
    "ema_span_0": 258.94793435921156,
    "ema_span_1": 836.9340595983361,
    "enabled": true,
    "initial_eprice_ema_dist": -0.02127070720634504,
    "initial_qty_pct": 0.014694908993438017,
    "markup_range": 0.0010480761640144622,
    "min_markup": 0.006810293569883299,
    "n_close_orders": 13,
    "rentry_pprice_dist": 0.033440423308657076,
    "rentry_pprice_dist_wallet_exposure_weighting": 2.281216538535564,
    "wallet_exposure_limit": 1
  },
  "short": {
    "auto_unstuck_delay_minutes": 1253.6006770474733,
    "auto_unstuck_ema_dist": -0.006854116150027488,
    "auto_unstuck_qty_pct": 0.031644168490077784,
    "auto_unstuck_wallet_exposure_threshold": 0.2557531129335714,
    "backwards_tp": true,
    "ddown_factor": 1.3832185824096965,
    "ema_span_0": 1280.9824315832243,
    "ema_span_1": 1197.5966306581568,
    "enabled": true,
    "initial_eprice_ema_dist": -0.04816000304172703,
    "initial_qty_pct": 0.010950851120518782,
    "markup_range": 0.0008022919858492278,
    "min_markup": 0.008683689277631091,
    "n_close_orders": 6,
    "rentry_pprice_dist": 0.04363476732084077,
    "rentry_pprice_dist_wallet_exposure_weighting": 0.4912416058069824,
    "wallet_exposure_limit": 1
  }
}