{
  "config_name": "recursive_grid_DOGEUSDT_1144days",
  "logging_level": 0,
  "long": {
    "auto_unstuck_ema_dist": 0.0002,
    "auto_unstuck_wallet_exposure_threshold": 0.04246345174065897,
    "backwards_tp": true,
    "ddown_factor": 0.950726118628512,
    "ema_span_0": 1124.1383436364579,
    "ema_span_1": 618.7601173375919,
    "enabled": true,
    "initial_eprice_ema_dist": -0.0050561134802565855,
    "initial_qty_pct": 0.022907614537564586,
    "markup_range": 0.0049881356800839695,
    "min_markup": 0.003597010133556557,
    "n_close_orders": 17,
    "rentry_pprice_dist": 0.019020807665073615,
    "rentry_pprice_dist_wallet_exposure_weighting": 2.6542125119573634,
    "wallet_exposure_limit": 1.25
  },
  "short": {
    "auto_unstuck_ema_dist": -0.07027864583469096,
    "auto_unstuck_wallet_exposure_threshold": 0.04969375740737723,
    "backwards_tp": true,
    "ddown_factor": 0.2857973541528535,
    "ema_span_0": 2873.094355215128,
    "ema_span_1": 720.4817930581363,
    "enabled": false,
    "initial_eprice_ema_dist": -0.08443728819297762,
    "initial_qty_pct": 0.04256396008183878,
    "markup_range": 0.04914817971198036,
    "min_markup": 0.0034137174178658154,
    "n_close_orders": 5,
    "rentry_pprice_dist": 0.02194015394041519,
    "rentry_pprice_dist_wallet_exposure_weighting": 9.132700122762492,
    "wallet_exposure_limit": 0.7
  }
}