{
  "config_name": "recursive_grid_GALAUSDT_677days",
  "logging_level": 0,
  "long": {
    "auto_unstuck_ema_dist": 0.003,
    "auto_unstuck_wallet_exposure_threshold": 0.07044785571659958,
    "backwards_tp": true,
    "ddown_factor": 1.5391529989378994,
    "ema_span_0": 1577.974945209214,
    "ema_span_1": 1582.8091594360458,
    "enabled": true,
    "initial_eprice_ema_dist": -0.0996402488171565,
    "initial_qty_pct": 0.012230565443040513,
    "markup_range": 0.007993742326397223,
    "min_markup": 0.0019729683186375095,
    "n_close_orders": 4,
    "rentry_pprice_dist": 0.03315162173783706,
    "rentry_pprice_dist_wallet_exposure_weighting": 0.0,
    "wallet_exposure_limit": 1.25
  },
  "short": {
    "auto_unstuck_ema_dist": -0.08808522905334817,
    "auto_unstuck_wallet_exposure_threshold": 0.08875828759704316,
    "backwards_tp": true,
    "ddown_factor": 0.6634049190489175,
    "ema_span_0": 2542.9225865514163,
    "ema_span_1": 862.7525226497012,
    "enabled": false,
    "initial_eprice_ema_dist": -0.09746536208819177,
    "initial_qty_pct": 0.021229353553041997,
    "markup_range": 0.04410145917229714,
    "min_markup": 0.00307782976492969,
    "n_close_orders": 10,
    "rentry_pprice_dist": 0.017286865807726412,
    "rentry_pprice_dist_wallet_exposure_weighting": 6.583203242670592,
    "wallet_exposure_limit": 0.71
  }
}