{
  "config_name": "recursive_grid_OPUSDT_671days",
  "logging_level": 0,
  "long": {
    "auto_unstuck_delay_minutes": 0,
    "auto_unstuck_ema_dist": 0.009863440541661144,
    "auto_unstuck_qty_pct": 0,
    "auto_unstuck_wallet_exposure_threshold": 0.0690865446804964,
    "backwards_tp": true,
    "ddown_factor": 1.3264045739244665,
    "ema_span_0": 612.6682133143291,
    "ema_span_1": 661.9530332865969,
    "enabled": true,
    "initial_eprice_ema_dist": -0.07750346895135628,
    "initial_qty_pct": 0.07963130961136178,
    "markup_range": 0.017943082870470445,
    "min_markup": 0.008310504604762528,
    "n_close_orders": 21,
    "rentry_pprice_dist": 0.0622092535043827,
    "rentry_pprice_dist_wallet_exposure_weighting": 0.6437901838079725,
    "wallet_exposure_limit": 0.5
  },
  "short": {
    "auto_unstuck_delay_minutes": 314.4236040214627,
    "auto_unstuck_ema_dist": -0.03890910934093396,
    "auto_unstuck_qty_pct": 0.029611198765349088,
    "auto_unstuck_wallet_exposure_threshold": 0.050839027908341314,
    "backwards_tp": true,
    "ddown_factor": 0.161663566616392,
    "ema_span_0": 2800.0959479737267,
    "ema_span_1": 3975.86088562915,
    "enabled": false,
    "initial_eprice_ema_dist": -0.01426646597340453,
    "initial_qty_pct": 0.08139023529927707,
    "markup_range": 0.030885886750183184,
    "min_markup": 0.0024628613333802602,
    "n_close_orders": 24,
    "rentry_pprice_dist": 0.007824967504125131,
    "rentry_pprice_dist_wallet_exposure_weighting": 0.6099103729130817,
    "wallet_exposure_limit": 1.0
  }
}