{
  "config_name": "recursive_grid_0days",
  "logging_level": 0,
  "long": {
    "auto_unstuck_delay_minutes": 0.0,
    "auto_unstuck_ema_dist": 0.0,
    "auto_unstuck_qty_pct": 0.0,
    "auto_unstuck_wallet_exposure_threshold": 0.0,
    "backwards_tp": true,
    "ddown_factor": 2.402659893503772,
    "ema_span_0": 895.18439053412,
    "ema_span_1": 1440,
    "enabled": true,
    "initial_eprice_ema_dist": -0.002059665127013895,
    "initial_qty_pct": 0.012838455423316679,
    "markup_range": 0.00862365227968586,
    "min_markup": 0.01,
    "n_close_orders": 8,
    "rentry_pprice_dist": 0.014504665819138214,
    "rentry_pprice_dist_wallet_exposure_weighting": 3.877527884416565,
    "wallet_exposure_limit": 0.5
  },
  "short": {
    "auto_unstuck_delay_minutes": 0.0,
    "auto_unstuck_ema_dist": 0.0,
    "auto_unstuck_qty_pct": 0.0,
    "auto_unstuck_wallet_exposure_threshold": 0.0,
    "backwards_tp": true,
    "ddown_factor": 0.8355669062494453,
    "ema_span_0": 810.4511346149864,
    "ema_span_1": 819.2250837982804,
    "enabled": true,
    "initial_eprice_ema_dist": -0.00872789103339955,
    "initial_qty_pct": 0.016492807757462622,
    "markup_range": 0.004958336118918435,
    "min_markup": 0.0032717230778841863,
    "n_close_orders": 9,
    "rentry_pprice_dist": 0.012933000075279057,
    "rentry_pprice_dist_wallet_exposure_weighting": 1.8436058325988183,
    "wallet_exposure_limit": 0.5
  }
}