{"config_name": "recursive_grid_0days",
 "logging_level": 0,
 "long": {"auto_unstuck_ema_dist": 0.002848256844725031,
          "auto_unstuck_wallet_exposure_threshold": 0.06327353706423894,
          "backwards_tp": false,
          "ddown_factor": 2.8627420988530354,
          "ema_span_0": 356.478387855873,
          "ema_span_1": 77.48404133180858,
          "enabled": true,
          "initial_eprice_ema_dist": 0.0022908614726332727,
          "initial_qty_pct": 0.02168495825338696,
          "markup_range": 0.03176261529449619,
          "min_markup": 0.0014600121424892703,
          "n_close_orders": 15,
          "rentry_pprice_dist": 0.020784255888562315,
          "rentry_pprice_dist_wallet_exposure_weighting": 0.0,
          "wallet_exposure_limit": 1},
 "short": {"auto_unstuck_ema_dist": -0.02649850672616784,
           "auto_unstuck_wallet_exposure_threshold": 0.050428442819364164,
           "backwards_tp": false,
           "ddown_factor": 0.29868366672214963,
           "ema_span_0": 909.2886941393976,
           "ema_span_1": 1024.959555164125,
           "enabled": false,
           "initial_eprice_ema_dist": -0.09457247376955678,
           "initial_qty_pct": 0.025703998929334247,
           "markup_range": 0.0027410102856452664,
           "min_markup": 0.002288641824636621,
           "n_close_orders": 7,
           "rentry_pprice_dist": 0.030491173025074682,
           "rentry_pprice_dist_wallet_exposure_weighting": 5.84235078998028,
           "wallet_exposure_limit": 0.3}}