{"config_name": "ADAUSDT long WE: 1.0, ADGWE: 0.264, Days: 177, BKR: 0.999, HrsStuck:309, UnstuckE/C: 0/0, PaDMean/Max: 0.027/0.187; short WE: 1.0, ADGWE: 0.262, Days: 177, BKR: 0.623, HrsStuck:132, UnstuckE/C: 0/0, PaDMean/Max: 0.017/0.184",
 "logging_level": 0,
 "long": {"auto_unstuck_ema_dist": 0.0, "auto_unstuck_wallet_exposure_threshold": 0.0, "backwards_tp": true, "ddown_factor": 1.8161967055266983, "ema_span_0": 2176.881326612007, "ema_span_1": 8067.948322137552, "enabled": true, "initial_eprice_ema_dist": -0.09129790629590093, "initial_qty_pct": 0.02409315749212406, "markup_range": 0.011495246262590133, "min_markup": 0.017440801979689568, "n_close_orders": 9.836569295582303, "rentry_pprice_dist": 0.02993307354276418, "rentry_pprice_dist_wallet_exposure_weighting": 9.170209374722397, "wallet_exposure_limit": 1.0}
 ,
 "short": {"auto_unstuck_ema_dist": 0.0, "auto_unstuck_wallet_exposure_threshold": 0.0, "backwards_tp": true, "ddown_factor": 2.9961586708005084, "ema_span_0": 739.153728485829, "ema_span_1": 6506.727115942133, "enabled": true, "initial_eprice_ema_dist": -0.06121645417139821, "initial_qty_pct": 0.02823121357933014, "markup_range": 0.02989915483202989, "min_markup": 0.007625981798656819, "n_close_orders": 12.414309830661322, "rentry_pprice_dist": 0.036778474175939796, "rentry_pprice_dist_wallet_exposure_weighting": 9.856238537655768, "wallet_exposure_limit": 1.0}
 }
