{"config_name": "ALGOUSDT long WE: 1.0, ADGWE: 0.253, Days: 157, BKR: 0.999, HrsStuck:105, UnstuckE/C: 327/0, PaDMean/Max: 0.015/0.084, short WE: 1.0, ADGWE: 0.556, Days: 157, BKR: 0.734, HrsStuck:141, UnstuckE/C: 54/0, PaDMean/Max: 0.016/0.131",
 "logging_level": 0,
 "long": {"auto_unstuck_ema_dist": 0.020748205336038352, "auto_unstuck_wallet_exposure_threshold": 0.562342294339865, "backwards_tp": true, "ddown_factor": 0.3288253515690121, "ema_span_0": 341.4486278092827, "ema_span_1": 6292.8914674393545, "enabled": true, "initial_eprice_ema_dist": -0.06622145839408498, "initial_qty_pct": 0.008364134495809111, "markup_range": 0.03558023979279994, "min_markup": 0.0020000566293208464, "n_close_orders": 15.328586618116342, "rentry_pprice_dist": 0.036476921515132085, "rentry_pprice_dist_wallet_exposure_weighting": 1.6573271067781568, "wallet_exposure_limit": 1.0}
 ,
 "short": {"auto_unstuck_ema_dist": 0.055401871215426036, "auto_unstuck_wallet_exposure_threshold": 0.023789126020334974, "backwards_tp": true, "ddown_factor": 2.529117809014207, "ema_span_0": 140.31446623954582, "ema_span_1": 142.64823455415808, "enabled": true, "initial_eprice_ema_dist": -0.027484589456461515, "initial_qty_pct": 0.026192372018716322, "markup_range": 0.030014762010702578, "min_markup": 0.002001812307190887, "n_close_orders": 5.417699768234004, "rentry_pprice_dist": 0.04504822980672646, "rentry_pprice_dist_wallet_exposure_weighting": 0, "wallet_exposure_limit": 1.0}
 }
