{"config_name": "APTUSDT clock long: ADGWE:0.364, ADGWEIGHT:0.566, HrsStuck:60, BKR:1.000, PaDMean/Max:0.012/0.132, Days:152, UnstuckE/C:559/28, LPRatio:0.286, Polystd:0.865, EqBalMin:0.883  ", "logging_level": 0, "long": {"backwards_tp": true, "delay_between_fills_minutes_close": 351.1837559665337, "delay_between_fills_minutes_entry": 1389.6323417939943, "delay_weight_close": 69.51504962753711, "delay_weight_entry": 26.032773429146108, "ema_dist_close": 0.016730823500887955, "ema_dist_entry": 0.013116149572516571, "ema_span_0": 431.8879036429592, "ema_span_1": 289.0080661090799, "enabled": true, "markup_range": 0.0042739780985928755, "min_markup": 0.009032275735453371, "n_close_orders": 13.367219901233979, "qty_pct_close": 0.8492469777265732, "qty_pct_entry": 0.051556750647768566, "wallet_exposure_limit": 1, "we_multiplier_close": 7.736131091780786, "we_multiplier_entry": 91.80892089873026}, "short": {"delay_between_fills_minutes_close": 1172.0, "delay_between_fills_minutes_entry": 1351.0, "delay_weight_close": 2.832, "delay_weight_entry": 15.12, "ema_dist_close": 0.005519, "ema_dist_entry": 0.004033, "ema_span_0": 1251.0, "ema_span_1": 1830.0, "enabled": false, "markup_range": 0.06225, "min_markup": 0.06723, "n_close_orders": 5, "qty_pct_close": 0.06165, "qty_pct_entry": 0.01561, "wallet_exposure_limit": 1.0, "we_multiplier_close": 9.278, "we_multiplier_entry": 49.73}}