{"config_name": "ATOMUSDT long WE: 1.0, ADGWE: 0.338, Days: 314, BKR: 0.989, HrsStuck:89, UnstuckE/C: 0/0, PaDMean/Max: 0.008/0.193; ATOMUSDT short WE: 1.0, ADGWE: 0.308, Days: 314, BKR: 0.724, HrsStuck:100, UnstuckE/C: 0/0, PaDMean/Max: 0.014/0.109",
 "logging_level": 0,
 "long": {"auto_unstuck_ema_dist": 0.0, "auto_unstuck_wallet_exposure_threshold": 0.0, "backwards_tp": true, "ddown_factor": 0.31697540765534893, "ema_span_0": 379.71672854482813, "ema_span_1": 2798.398041134257, "enabled": true, "initial_eprice_ema_dist": 0, "initial_qty_pct": 0.008410066494148284, "markup_range": 0, "min_markup": 0.010958953805571471, "n_close_orders": 16.58853641359975, "rentry_pprice_dist": 0.012236849823220482, "rentry_pprice_dist_wallet_exposure_weighting": 3.222099346825196, "wallet_exposure_limit": 1.0}
 ,
 "short": {"auto_unstuck_ema_dist": 0.0, "auto_unstuck_wallet_exposure_threshold": 0.0, "backwards_tp": true, "ddown_factor": 0.6922338198979381, "ema_span_0": 4254.7604940458705, "ema_span_1": 1457.1395266706832, "enabled": true, "initial_eprice_ema_dist": -0.04260612214887772, "initial_qty_pct": 0.041152200074762765, "markup_range": 0.00038542191528493996, "min_markup": 0.00567818203813306, "n_close_orders": 17.53607287696479, "rentry_pprice_dist": 0.03344740845723354, "rentry_pprice_dist_wallet_exposure_weighting": 1.9107297367661795e-06, "wallet_exposure_limit": 1.0}
 }
