{"config_name": "ATOMUSDT long WE: 1.0, ADGWE: 0.385, Days: 173, BKR: 0.995, HrsStuck:95, UnstuckE/C: 0/0, PaDMean/Max: 0.016/0.226; short WE: 1.0, ADGWE: 0.241, Days: 173, BKR: 0.744, HrsStuck:199, UnstuckE/C: 0/0, PaDMean/Max: 0.012/0.097",
 "logging_level": 0,
 "long": {"auto_unstuck_ema_dist": 0.0, "auto_unstuck_wallet_exposure_threshold": 0.0, "backwards_tp": true, "ddown_factor": 0.9931823628419506, "ema_span_0": 1026.0987932729452, "ema_span_1": 3104.3411632149173, "enabled": true, "initial_eprice_ema_dist": -0.018926848540858774, "initial_qty_pct": 0.020464489997466015, "markup_range": 0.006809405157858473, "min_markup": 0.008928462997688822, "n_close_orders": 17.04559623516587, "rentry_pprice_dist": 0.030018355257184, "rentry_pprice_dist_wallet_exposure_weighting": 0.3822360488947341, "wallet_exposure_limit": 1.0}
 ,
 "short": {"auto_unstuck_ema_dist": 0.0, "auto_unstuck_wallet_exposure_threshold": 0.0, "backwards_tp": true, "ddown_factor": 1.281580280989008, "ema_span_0": 4106.33296591439, "ema_span_1": 7025.339003228948, "enabled": true, "initial_eprice_ema_dist": -0.030970660086841472, "initial_qty_pct": 0.02686644448288695, "markup_range": 0.0009485187993777339, "min_markup": 0.008110079297456505, "n_close_orders": 15.391978141576027, "rentry_pprice_dist": 0.038321207558908804, "rentry_pprice_dist_wallet_exposure_weighting": 9.892304122810425e-05, "wallet_exposure_limit": 1.0}
 }
