{"config_name": "CHZUSDT clock long: ADGWE:0.290, ADGWEIGHT:0.250, HrsStuck:114, BKR:0.989, PaDMean/Max:0.014/1.083, Days:783, UnstuckE/C:2018/894, LPRatio:0.246, Polystd:0.849, EqBalMin:0.480  ", "logging_level": 0, "long": {"backwards_tp": true, "delay_between_fills_minutes_close": 123.64451657079346, "delay_between_fills_minutes_entry": 277.56762835870006, "delay_weight_close": 63.87198475948692, "delay_weight_entry": 12.940620517997903, "ema_dist_close": 0.012312841036732913, "ema_dist_entry": 0.01380449308558419, "ema_span_0": 131.8824412815319, "ema_span_1": 650.2741037939854, "enabled": true, "markup_range": 0.010027454819585613, "min_markup": 0.08477337081898924, "n_close_orders": 14.868924838580483, "qty_pct_close": 0.6671080100501422, "qty_pct_entry": 0.01062553397262171, "wallet_exposure_limit": 1, "we_multiplier_close": 8.554578711475962, "we_multiplier_entry": 83.51594737041451}, "short": {"delay_between_fills_minutes_close": 1172.0, "delay_between_fills_minutes_entry": 1351.0, "delay_weight_close": 2.832, "delay_weight_entry": 15.12, "ema_dist_close": 0.005519, "ema_dist_entry": 0.004033, "ema_span_0": 1251.0, "ema_span_1": 1830.0, "enabled": false, "markup_range": 0.06225, "min_markup": 0.06723, "n_close_orders": 5, "qty_pct_close": 0.06165, "qty_pct_entry": 0.01561, "wallet_exposure_limit": 1.0, "we_multiplier_close": 9.278, "we_multiplier_entry": 49.73}}