{"config_name": "CRVUSDT clock long: ADGWE:0.258, ADGWEIGHT:0.119, HrsStuck:112, BKR:0.998, PaDMean/Max:0.017/0.438, Days:895, UnstuckE/C:3442/2753, LPRatio:0.169, Polystd:0.985, EqBalMin:0.695  ", "logging_level": 0, "long": {"backwards_tp": true, "delay_between_fills_minutes_close": 249.7469120435811, "delay_between_fills_minutes_entry": 668.245661848632, "delay_weight_close": 7.376621312405854, "delay_weight_entry": 19.40654155823863, "ema_dist_close": -0.008692952694990388, "ema_dist_entry": 0.012350060649898137, "ema_span_0": 44.68183651894704, "ema_span_1": 360.0932815573392, "enabled": true, "markup_range": 0.07056909902958033, "min_markup": 0.0754692276020246, "n_close_orders": 2.3105473254141566, "qty_pct_close": 0.24505358560221285, "qty_pct_entry": 0.01, "wallet_exposure_limit": 1, "we_multiplier_close": 0, "we_multiplier_entry": 91.73047539990758}, "short": {"delay_between_fills_minutes_close": 1172.0, "delay_between_fills_minutes_entry": 1351.0, "delay_weight_close": 2.832, "delay_weight_entry": 15.12, "ema_dist_close": 0.005519, "ema_dist_entry": 0.004033, "ema_span_0": 1251.0, "ema_span_1": 1830.0, "enabled": false, "markup_range": 0.06225, "min_markup": 0.06723, "n_close_orders": 5, "qty_pct_close": 0.06165, "qty_pct_entry": 0.01561, "wallet_exposure_limit": 1.0, "we_multiplier_close": 9.278, "we_multiplier_entry": 49.73}}