{"config_name": "DOGEUSDT - clock mode - BITGET: ",
 "logging_level": 0,
 "long":
 {"delay_between_fills_minutes_close": 1968.459038499876,
          "delay_between_fills_minutes_entry": 5439.953920734212,
          "delay_weight_close": 16.706309189705998,
          "delay_weight_entry": 17.039045155949648,
          "ema_dist_lower": 0.001702902779863853,
          "ema_dist_upper": 0,
          "ema_span_0": 1294.966817962628,
          "ema_span_1": 2800.1667287329137,
          "enabled": true,
          "markup_range": 0.00013849388607539934,
          "min_markup": 0.09872838203059128,
          "n_close_orders": 16,
          "qty_pct_close": 0.02379868506099598,
          "qty_pct_entry": 0.03469957785500491,
          "wallet_exposure_limit": 1.0,
          "we_multiplier_close": 4.663713348355284,
          "we_multiplier_entry": 0}
 ,
 "short":
 {"delay_between_fills_minutes_close": 2239.2853265077724, "delay_between_fills_minutes_entry": 2976.0732970329163, "delay_weight_close": 199.52859152584307, "delay_weight_entry": 12.24236784169561, "ema_dist_lower": 0.0028051613528621076, "ema_dist_upper": 0.0018340700177864203, "ema_span_0": 1373.2172775460906, "ema_span_1": 1460.5243449700242, "enabled": false, "markup_range": 0.004332327703928285, "min_markup": 0.0020000192657576247, "n_close_orders": 8.236664859292038, "qty_pct_close": 0.02088978123355536, "qty_pct_entry": 0.07157482357273261, "wallet_exposure_limit": 1.0, "we_multiplier_close": 4.523688863375051, "we_multiplier_entry": 767.2252173599888, "backwards_tp": true}
 }
