{"config_name": "DOTUSDT long WE: 1.0, ADGWE: 0.286, Days: 178, BKR: 0.996, HrsStuck:157, UnstuckE/C: 0/0, PaDMean/Max: 0.010/0.201; short WE: 1.0, ADGWE: 0.283, Days: 178, BKR: 0.815, HrsStuck:218, UnstuckE/C: 0/0, PaDMean/Max: 0.014/0.091",
 "logging_level": 0,
 "long": {"auto_unstuck_ema_dist": 0.0, "auto_unstuck_wallet_exposure_threshold": 0.0, "backwards_tp": true, "ddown_factor": 2.0108069948140317, "ema_span_0": 3757.1368124066325, "ema_span_1": 9440.033925144799, "enabled": true, "initial_eprice_ema_dist": -8.355887343274684e-05, "initial_qty_pct": 0.011721963486397891, "markup_range": 0.004466684455632622, "min_markup": 0.013690031304204162, "n_close_orders": 9.954460016960349, "rentry_pprice_dist": 0.025852858061458733, "rentry_pprice_dist_wallet_exposure_weighting": 3.1066655938767256, "wallet_exposure_limit": 1.0}
 ,
 "short": {"auto_unstuck_ema_dist": 0.0, "auto_unstuck_wallet_exposure_threshold": 0.0, "backwards_tp": true, "ddown_factor": 2.6393219142947153, "ema_span_0": 4205.785045723565, "ema_span_1": 7076.282940104635, "enabled": true, "initial_eprice_ema_dist": -0.07136992287700857, "initial_qty_pct": 0.007300395050235062, "markup_range": 0.024962652826414973, "min_markup": 0.016301370297492717, "n_close_orders": 5.086152934396873, "rentry_pprice_dist": 0.041025956371767404, "rentry_pprice_dist_wallet_exposure_weighting": 1.4462368523505331, "wallet_exposure_limit": 1.0}
 }
