{"config_name": "EOSUSDT clock long: ADGWE:0.218, ADGWEIGHT:0.226, HrsStuck:146, BKR:0.993, PaDMean/Max:0.015/0.338, Days:900, UnstuckE/C:1781/3069, LPRatio:0.245, Polystd:0.927, EqBalMin:0.746  ", "logging_level": 0, "long": {"backwards_tp": true, "delay_between_fills_minutes_close": 347.72569668881016, "delay_between_fills_minutes_entry": 883.9523021894465, "delay_weight_close": 54.898179698261906, "delay_weight_entry": 14.871539938523012, "ema_dist_close": 0.0069014482115542855, "ema_dist_entry": 0.011831540627109317, "ema_span_0": 117.42423745023781, "ema_span_1": 32.50406384278757, "enabled": true, "markup_range": 0.08943436404827486, "min_markup": 0.09712254594921925, "n_close_orders": 13.953118428024052, "qty_pct_close": 0.018651456767378456, "qty_pct_entry": 0.020256412827263173, "wallet_exposure_limit": 1, "we_multiplier_close": 6.201789802564834, "we_multiplier_entry": 98.04614872442956}, "short": {"delay_between_fills_minutes_close": 1172.0, "delay_between_fills_minutes_entry": 1351.0, "delay_weight_close": 2.832, "delay_weight_entry": 15.12, "ema_dist_close": 0.005519, "ema_dist_entry": 0.004033, "ema_span_0": 1251.0, "ema_span_1": 1830.0, "enabled": false, "markup_range": 0.06225, "min_markup": 0.06723, "n_close_orders": 5, "qty_pct_close": 0.06165, "qty_pct_entry": 0.01561, "wallet_exposure_limit": 1.0, "we_multiplier_close": 9.278, "we_multiplier_entry": 49.73}}