{"config_name": "FTMUSDT long WE: 1.0, ADGWE: 0.243, Days: 176, BKR: 0.997, HrsStuck:97, UnstuckE/C: 0/0, PaDMean/Max: 0.015/0.410; short WE: 1.0, ADGWE: 0.503, Days: 176, BKR: 0.736, HrsStuck:83, UnstuckE/C: 0/0, PaDMean/Max: 0.010/0.129",
 "logging_level": 0,
 "long": {"auto_unstuck_ema_dist": 0.0, "auto_unstuck_wallet_exposure_threshold": 0.0, "backwards_tp": true, "ddown_factor": 0.907514993190548, "ema_span_0": 3589.4679052107226, "ema_span_1": 3616.5248972022687, "enabled": true, "initial_eprice_ema_dist": -9.713888970913731e-05, "initial_qty_pct": 0.029508423637222007, "markup_range": 0.005897165790199355, "min_markup": 0.006507997565308513, "n_close_orders": 14.964142151523271, "rentry_pprice_dist": 0.047893941985104216, "rentry_pprice_dist_wallet_exposure_weighting": 0.09621542013609838, "wallet_exposure_limit": 1.0}
 ,
 "short": {"auto_unstuck_ema_dist": 0.0, "auto_unstuck_wallet_exposure_threshold": 0.0, "backwards_tp": true, "ddown_factor": 2.526636929873163, "ema_span_0": 4320.0, "ema_span_1": 1531.350955608469, "enabled": true, "initial_eprice_ema_dist": -0.04367240414844544, "initial_qty_pct": 0.007531010981651056, "markup_range": 0.001572312966845775, "min_markup": 0.014694532200942988, "n_close_orders": 5.7791949341986175, "rentry_pprice_dist": 0.028565432546690736, "rentry_pprice_dist_wallet_exposure_weighting": 0, "wallet_exposure_limit": 1.0}
 }
