{"config_name": "recursive_grid_FTMUSDT_symbols_140days; long: adg 0.334, hrs_stuck_max 88; short: adg 0.558, hrs_stuck_max 69",
 "logging_level": 0,
 "long": {"auto_unstuck_ema_dist": 0.039629914306541315,
          "auto_unstuck_wallet_exposure_threshold": 0.5838269705189552,
          "backwards_tp": true,
          "ddown_factor": 2.9700620460634073,
          "ema_span_0": 4199.546740105835,
          "ema_span_1": 5736.5781437295955,
          "enabled": true,
          "initial_eprice_ema_dist": -0.021659681667910068,
          "initial_qty_pct": 0.0075893237966246216,
          "markup_range": 0.004104919716505074,
          "min_markup": 0.01462310429297368,
          "n_close_orders": 16,
          "rentry_pprice_dist": 0.049607923798788776,
          "rentry_pprice_dist_wallet_exposure_weighting": 0.16399924522944656,
          "wallet_exposure_limit": 1.0},
 "short": {"auto_unstuck_ema_dist": 0.04655425936470753,
            "auto_unstuck_wallet_exposure_threshold": 0.15748357500700016,
            "backwards_tp": true,
            "ddown_factor": 0.6855434101992783,
            "ema_span_0": 4117.443911285254,
            "ema_span_1": 4055.71055464882,
            "enabled": true,
            "initial_eprice_ema_dist": -0.04661562714976234,
            "initial_qty_pct": 0.016028163926488013,
            "markup_range": 0.0017916389016651613,
            "min_markup": 0.01414351956100744,
            "n_close_orders": 19.995185100912117,
            "rentry_pprice_dist": 0.027149655296340388,
            "rentry_pprice_dist_wallet_exposure_weighting": 0.06783927076278522,
            "wallet_exposure_limit": 1.0}}
