{"config_name": "FTMUSDT clock long: ADGWE:0.263, ADGWEIGHT:0.141, HrsStuck:41, BKR:0.990, PaDMean/Max:0.015/0.504, Days:900, UnstuckE/C:4211/2499, LPRatio:0.279, Polystd:0.982, EqBalMin:0.667  ", "logging_level": 0, "long": {"backwards_tp": true, "delay_between_fills_minutes_close": 360, "delay_between_fills_minutes_entry": 567.26153651876, "delay_weight_close": 2.4400498744049326, "delay_weight_entry": 18.28640898270847, "ema_dist_close": -0.001825952668652688, "ema_dist_entry": 0.004684697353940561, "ema_span_0": 289.3844212005171, "ema_span_1": 535.2006979616305, "enabled": true, "markup_range": 0.038426098589685716, "min_markup": 0.08440025755356233, "n_close_orders": 2.2477542926572465, "qty_pct_close": 0.9759857089348162, "qty_pct_entry": 0.01, "wallet_exposure_limit": 1, "we_multiplier_close": 8.28905639873067, "we_multiplier_entry": 90.97073381023668}, "short": {"delay_between_fills_minutes_close": 1172.0, "delay_between_fills_minutes_entry": 1351.0, "delay_weight_close": 2.832, "delay_weight_entry": 15.12, "ema_dist_close": 0.005519, "ema_dist_entry": 0.004033, "ema_span_0": 1251.0, "ema_span_1": 1830.0, "enabled": false, "markup_range": 0.06225, "min_markup": 0.06723, "n_close_orders": 5, "qty_pct_close": 0.06165, "qty_pct_entry": 0.01561, "wallet_exposure_limit": 1.0, "we_multiplier_close": 9.278, "we_multiplier_entry": 49.73}}