{"config_name": "GALAUSDT long WE: 1.0, ADGWE: 0.241, Days: 179, BKR: 0.999, HrsStuck:68, UnstuckE/C: 0/0, PaDMean/Max: 0.011/0.213; short WE: 1.0, ADGWE: 0.848, Days: 179, BKR: 0.773, HrsStuck:83, UnstuckE/C: 0/0, PaDMean/Max: 0.012/0.112",
 "logging_level": 0,
 "long": {"auto_unstuck_ema_dist": 0.0, "auto_unstuck_wallet_exposure_threshold": 0.0, "backwards_tp": true, "ddown_factor": 2.760610182961682, "ema_span_0": 3145.491461893984, "ema_span_1": 2491.275010926082, "enabled": true, "initial_eprice_ema_dist": -0.008656848355326466, "initial_qty_pct": 0.00700055421925402, "markup_range": 0.0003612808193472612, "min_markup": 0.011549949864469977, "n_close_orders": 15.204535685403956, "rentry_pprice_dist": 0.041760986998399766, "rentry_pprice_dist_wallet_exposure_weighting": 0.02773854366973485, "wallet_exposure_limit": 1.0}
 ,
 "short": {"auto_unstuck_ema_dist": 0.0, "auto_unstuck_wallet_exposure_threshold": 0.0, "backwards_tp": true, "ddown_factor": 1.7405087582881702, "ema_span_0": 3021.9312424659443, "ema_span_1": 4467.808183452445, "enabled": true, "initial_eprice_ema_dist": -0.07652043407403214, "initial_qty_pct": 0.0398153769960381, "markup_range": 0.00197539142234842, "min_markup": 0.010304288739942147, "n_close_orders": 8.710618060209494, "rentry_pprice_dist": 0.029603996976908548, "rentry_pprice_dist_wallet_exposure_weighting": 0.9059158536357734, "wallet_exposure_limit": 1.0}
 }
