{"config_name": "GMTUSDT long WE: 1.0, ADGWE: 0.368, Days: 179, BKR: 0.997, HrsStuck:212, UnstuckE/C: 0/0, PaDMean/Max: 0.053/0.339; short WE: 1.0, ADGWE: 0.658, Days: 179, BKR: 0.590, HrsStuck:92, UnstuckE/C: 0/0, PaDMean/Max: 0.019/0.203",
 "logging_level": 0,
 "long": {"auto_unstuck_ema_dist": 0.0, "auto_unstuck_wallet_exposure_threshold": 0.0, "backwards_tp": true, "ddown_factor": 0.07397081882043968, "ema_span_0": 2274.5528421867816, "ema_span_1": 9369.275738927416, "enabled": true, "initial_eprice_ema_dist": -0.0259066843562942, "initial_qty_pct": 0.011031786887050843, "markup_range": 0.03998788967142019, "min_markup": 0.01925298542503645, "n_close_orders": 7.601305295726588, "rentry_pprice_dist": 0.022119913428547574, "rentry_pprice_dist_wallet_exposure_weighting": 9.937616563653147, "wallet_exposure_limit": 1.0}
 ,
 "short": {"auto_unstuck_ema_dist": 0.0, "auto_unstuck_wallet_exposure_threshold": 0.0, "backwards_tp": true, "ddown_factor": 2.929041537671398, "ema_span_0": 153.69912037179162, "ema_span_1": 732.8314597718438, "enabled": true, "initial_eprice_ema_dist": -0.07636664298003445, "initial_qty_pct": 0.04957325493735663, "markup_range": 0.0026408175796547814, "min_markup": 0.004316785272392651, "n_close_orders": 19.966396765419688, "rentry_pprice_dist": 0.04996670767658176, "rentry_pprice_dist_wallet_exposure_weighting": 0, "wallet_exposure_limit": 1.0}
 }
