{"config_name": "IMXUSDT clock long: ADGWE:0.317, ADGWEIGHT:0.559, HrsStuck:134, BKR:1.000, PaDMean/Max:0.015/0.191, Days:402, UnstuckE/C:765/410, LPRatio:0.149, Polystd:0.939, EqBalMin:0.840  ", "logging_level": 0, "long": {"backwards_tp": true, "delay_between_fills_minutes_close": 211.42904819113923, "delay_between_fills_minutes_entry": 985.0514853398894, "delay_weight_close": 16.30889320592525, "delay_weight_entry": 20.95118493103311, "ema_dist_close": 0.0029012594744083327, "ema_dist_entry": 0.017167234695406715, "ema_span_0": 128.04834504860696, "ema_span_1": 1307.9697593004125, "enabled": true, "markup_range": 0.013370888315631158, "min_markup": 0.054564723059303676, "n_close_orders": 10.321332422543366, "qty_pct_close": 0.16379799856080593, "qty_pct_entry": 0.04574867838922776, "wallet_exposure_limit": 1, "we_multiplier_close": 6.475153456889753, "we_multiplier_entry": 12.325032514462183}, "short": {"delay_between_fills_minutes_close": 1172.0, "delay_between_fills_minutes_entry": 1351.0, "delay_weight_close": 2.832, "delay_weight_entry": 15.12, "ema_dist_close": 0.005519, "ema_dist_entry": 0.004033, "ema_span_0": 1251.0, "ema_span_1": 1830.0, "enabled": false, "markup_range": 0.06225, "min_markup": 0.06723, "n_close_orders": 5, "qty_pct_close": 0.06165, "qty_pct_entry": 0.01561, "wallet_exposure_limit": 1.0, "we_multiplier_close": 9.278, "we_multiplier_entry": 49.73}}