{"config_name": "INJUSDT",
 "logging_level": 0,
 "long": {"auto_unstuck_ema_dist": 0.0, "auto_unstuck_wallet_exposure_threshold": 0.0, "backwards_tp": true, "ddown_factor": 1.612397198603528, "ema_span_0": 1499.0353256080793, "ema_span_1": 591.4207350127244, "enabled": true, "initial_eprice_ema_dist": -0.09072089053258407, "initial_qty_pct": 0.008687827168103754, "markup_range": 0.02542736777458826, "min_markup": 0.004520622252430978, "n_close_orders": 16.51868384192437, "rentry_pprice_dist": 0.019183243133292026, "rentry_pprice_dist_wallet_exposure_weighting": 9.512272332406042, "wallet_exposure_limit": 1.0},
 "short": {"auto_unstuck_ema_dist": 0.0, "auto_unstuck_wallet_exposure_threshold": 0.0, "backwards_tp": true, "ddown_factor": 0.6005142722571291, "ema_span_0": 130.48393113802416, "ema_span_1": 575.6287080260225, "enabled": true, "initial_eprice_ema_dist": -0.09905214158627443, "initial_qty_pct": 0.01936830026867957, "markup_range": 0.027616677595286496, "min_markup": 0.002392489678029997, "n_close_orders": 9.249308654576335, "rentry_pprice_dist": 0.029509483891731775, "rentry_pprice_dist_wallet_exposure_weighting": 0, "wallet_exposure_limit": 1.0}
 }
