{"config_name": "v5.8 MATICUSDT",
 "logging_level": 0,
 "long": {"auto_unstuck_ema_dist": 0.0, "auto_unstuck_wallet_exposure_threshold": 0.0, "backwards_tp": true, "ddown_factor": 1.646880391074666, "ema_span_0": 326.32954324343234, "ema_span_1": 3534.344686723405, "enabled": true, "initial_eprice_ema_dist": -0.0374178087495045, "initial_qty_pct": 0.01443558373730652, "markup_range": 0.017285008600784853, "min_markup": 0.01584962094695936, "n_close_orders": 13.092850347436222, "rentry_pprice_dist": 0.027205036466869146, "rentry_pprice_dist_wallet_exposure_weighting": 15.959702111550957, "wallet_exposure_limit": 1.0},
 "short": {"auto_unstuck_ema_dist": 0.0, "auto_unstuck_wallet_exposure_threshold": 0.0, "backwards_tp": true, "ddown_factor": 2.859922155202105, "ema_span_0": 1589.1802066029159, "ema_span_1": 1862.6088559667637, "enabled": true, "initial_eprice_ema_dist": -0.07885467203114455, "initial_qty_pct": 0.013456476457404526, "markup_range": 0.006593509771604566, "min_markup": 0.009267565703567888, "n_close_orders": 9.743992256763475, "rentry_pprice_dist": 0.02052050186486169, "rentry_pprice_dist_wallet_exposure_weighting": 33.18065325230632, "wallet_exposure_limit": 1.0}
 }
