{"config_name": "NEARUSDT clock long: ADGWE:0.281, ADGWEIGHT:0.181, HrsStuck:96, BKR:0.993, PaDMean/Max:0.013/0.361, Days:886, UnstuckE/C:3384/2291, LPRatio:0.288, Polystd:0.945, EqBalMin:0.735  ", "logging_level": 0, "long": {"backwards_tp": true, "delay_between_fills_minutes_close": 355.72970827171906, "delay_between_fills_minutes_entry": 388.53325996405954, "delay_weight_close": 7.616660918458991, "delay_weight_entry": 22.993404335850514, "ema_dist_close": -0.018269232055105562, "ema_dist_entry": 0.012697784690741683, "ema_span_0": 93.58126335503643, "ema_span_1": 675.6590804996893, "enabled": true, "markup_range": 0.01158070694870269, "min_markup": 0.05867545421880866, "n_close_orders": 1.0108532684416163, "qty_pct_close": 0.6947104730451289, "qty_pct_entry": 0.028373481677630055, "wallet_exposure_limit": 1, "we_multiplier_close": 7.456942791259716, "we_multiplier_entry": 100}, "short": {"delay_between_fills_minutes_close": 1172.0, "delay_between_fills_minutes_entry": 1351.0, "delay_weight_close": 2.832, "delay_weight_entry": 15.12, "ema_dist_close": 0.005519, "ema_dist_entry": 0.004033, "ema_span_0": 1251.0, "ema_span_1": 1830.0, "enabled": false, "markup_range": 0.06225, "min_markup": 0.06723, "n_close_orders": 5, "qty_pct_close": 0.06165, "qty_pct_entry": 0.01561, "wallet_exposure_limit": 1.0, "we_multiplier_close": 9.278, "we_multiplier_entry": 49.73}}