{"config_name": "NEARUSDT long WE: 1.0, ADGWE: 0.207, Days: 180, BKR: 0.998, HrsStuck:79, UnstuckE/C: 0/0, PaDMean/Max: 0.019/0.299; short WE: 1.0, ADGWE: 0.472, Days: 180, BKR: 0.690, HrsStuck:161, UnstuckE/C: 0/0, PaDMean/Max: 0.020/0.151",
 "logging_level": 0,
 "long": {"auto_unstuck_ema_dist": 0.0, "auto_unstuck_wallet_exposure_threshold": 0.0, "backwards_tp": true, "ddown_factor": 0.6087181697449285, "ema_span_0": 2408.052147864064, "ema_span_1": 2125.293593450746, "enabled": true, "initial_eprice_ema_dist": -0.024578168687830054, "initial_qty_pct": 0.018831487989688808, "markup_range": 0.0006587343413342328, "min_markup": 0.012284212050040029, "n_close_orders": 19.853949550954095, "rentry_pprice_dist": 0.04939189303758009, "rentry_pprice_dist_wallet_exposure_weighting": 0.27880079829469123, "wallet_exposure_limit": 1.0}
 ,
 "short": {"auto_unstuck_ema_dist": 0.0, "auto_unstuck_wallet_exposure_threshold": 0.0, "backwards_tp": true, "ddown_factor": 1.1347497113402873, "ema_span_0": 562.057273644776, "ema_span_1": 386.5596250459088, "enabled": true, "initial_eprice_ema_dist": -0.0008254827976575112, "initial_qty_pct": 0.020783058793575497, "markup_range": 0.0028308779639396155, "min_markup": 0.01999694258199506, "n_close_orders": 16.483373367884784, "rentry_pprice_dist": 0.005010630619280324, "rentry_pprice_dist_wallet_exposure_weighting": 52.848157143703844, "wallet_exposure_limit": 1.0}
 }
