{"config_name": "recursive_grid_1_symbols_1175days",
 "logging_level": 0,
 "long": {"auto_unstuck_delay_minutes": 692.2009850037,
          "auto_unstuck_ema_dist": -0.026327950710023633,
          "auto_unstuck_qty_pct": 0.05691480924872857,
          "auto_unstuck_wallet_exposure_threshold": 0.022389008934923002,
          "backwards_tp": true,
          "ddown_factor": 0.9999999980167451,
          "ema_span_0": 6916.90414971563,
          "ema_span_1": 11587.937142795286,
          "enabled": true,
          "initial_eprice_ema_dist": -0.0819480312394317,
          "initial_qty_pct": 0.00034603674204216803,
          "markup_range": 0.0,
          "min_markup": 0.006440936276170614,
          "n_close_orders": 7,
          "rentry_pprice_dist": 0.01,
          "rentry_pprice_dist_wallet_exposure_weighting": 7.973539960867725e-05,
          "wallet_exposure_limit": 1.0},
 "short": {"auto_unstuck_delay_minutes": 244.09209825302977,
           "auto_unstuck_ema_dist": -0.006145873602010354,
           "auto_unstuck_qty_pct": 0.019535741454213183,
           "auto_unstuck_wallet_exposure_threshold": 0.7957792621096855,
           "backwards_tp": true,
           "ddown_factor": 1.2370158301351764,
           "ema_span_0": 1170.9276791327454,
           "ema_span_1": 459.24793661633856,
           "enabled": false,
           "initial_eprice_ema_dist": 0.002089900085558219,
           "initial_qty_pct": 0.027423110885548073,
           "markup_range": 0.01945902587081791,
           "min_markup": 0.004873788719574573,
           "n_close_orders": 6,
           "rentry_pprice_dist": 0.046761172810848274,
           "rentry_pprice_dist_wallet_exposure_weighting": 19.47507206891548,
           "wallet_exposure_limit": 1.0}}