{"config_name": "recursive_grid_1_symbols_1173days",
 "logging_level": 0,
 "long": {"auto_unstuck_delay_minutes": 721.415453657964,
          "auto_unstuck_ema_dist": -0.01625441320823653,
          "auto_unstuck_qty_pct": 0.012361078279880434,
          "auto_unstuck_wallet_exposure_threshold": 0.05250733289775794,
          "backwards_tp": false,
          "ddown_factor": 0.9997914707223785,
          "ema_span_0": 12172.513781649515,
          "ema_span_1": 4710.395828918284,
          "enabled": true,
          "initial_eprice_ema_dist": -0.099903306609018,
          "initial_qty_pct": 0.0003555447247969995,
          "markup_range": 0.013036416464067039,
          "min_markup": 0.001,
          "n_close_orders": 15,
          "rentry_pprice_dist": 0.010001316390894889,
          "rentry_pprice_dist_wallet_exposure_weighting": 0.7814379700665843,
          "wallet_exposure_limit": 1.0},
 "short": {"auto_unstuck_delay_minutes": 1308.4749635217042,
           "auto_unstuck_ema_dist": -0.040514412164397245,
           "auto_unstuck_qty_pct": 0.0441854502266975,
           "auto_unstuck_wallet_exposure_threshold": 0.228230858419549,
           "backwards_tp": true,
           "ddown_factor": 1.5136410291976194,
           "ema_span_0": 812.5952540241697,
           "ema_span_1": 1231.4309060899632,
           "enabled": false,
           "initial_eprice_ema_dist": -0.08277063260729454,
           "initial_qty_pct": 0.026736031693248584,
           "markup_range": 0.015162590767031655,
           "min_markup": 0.0018009510273752825,
           "n_close_orders": 3,
           "rentry_pprice_dist": 0.042789284760306835,
           "rentry_pprice_dist_wallet_exposure_weighting": 0.528322918776456,
           "wallet_exposure_limit": 1.0}}