{"config_name": "recursive_grid_1_symbols_1173days",
 "logging_level": 0,
 "long": {"auto_unstuck_delay_minutes": 691.6188927821962,
          "auto_unstuck_ema_dist": -0.026321495687299114,
          "auto_unstuck_qty_pct": 0.05699049381469894,
          "auto_unstuck_wallet_exposure_threshold": 0.022400867158651427,
          "backwards_tp": true,
          "ddown_factor": 1.0,
          "ema_span_0": 6910.410137717844,
          "ema_span_1": 11584.683425392806,
          "enabled": true,
          "initial_eprice_ema_dist": -0.0819448409924401,
          "initial_qty_pct": 0.00034487827170557515,
          "markup_range": 0.0,
          "min_markup": 0.006440889208664407,
          "n_close_orders": 7,
          "rentry_pprice_dist": 0.01,
          "rentry_pprice_dist_wallet_exposure_weighting": 0.0,
          "wallet_exposure_limit": 1.0},
 "short": {"auto_unstuck_delay_minutes": 742.2529839954774,
           "auto_unstuck_ema_dist": -0.05196802453204683,
           "auto_unstuck_qty_pct": 0.09649030107991598,
           "auto_unstuck_wallet_exposure_threshold": 0.8220053829109388,
           "backwards_tp": true,
           "ddown_factor": 2.437048999030056,
           "ema_span_0": 1271.5635995478651,
           "ema_span_1": 555.1214598688382,
           "enabled": false,
           "initial_eprice_ema_dist": -0.01153212975422381,
           "initial_qty_pct": 0.020283017179384834,
           "markup_range": 0.03465298533050674,
           "min_markup": 0.0017822398408550457,
           "n_close_orders": 10,
           "rentry_pprice_dist": 0.028976693716144124,
           "rentry_pprice_dist_wallet_exposure_weighting": 3.7373186856123297,
           "wallet_exposure_limit": 1.0}}