{"config_name": "recursive_grid_1_symbols_1173days",
 "logging_level": 0,
 "long": {"auto_unstuck_delay_minutes": 1426.9627942064349,
          "auto_unstuck_ema_dist": -0.09090847750954219,
          "auto_unstuck_qty_pct": 0.0982140135493757,
          "auto_unstuck_wallet_exposure_threshold": 0.02994725410007361,
          "backwards_tp": false,
          "ddown_factor": 0.974291449715159,
          "ema_span_0": 348.15644202170716,
          "ema_span_1": 291.6975546243953,
          "enabled": true,
          "initial_eprice_ema_dist": -0.09432673142697036,
          "initial_qty_pct": 0.00044467380917326895,
          "markup_range": 0.03065125705813587,
          "min_markup": 0.0010911322937766608,
          "n_close_orders": 4,
          "rentry_pprice_dist": 0.01022032489938237,
          "rentry_pprice_dist_wallet_exposure_weighting": 1.4183772333601872,
          "wallet_exposure_limit": 1.0},
 "short": {"auto_unstuck_delay_minutes": 821.9081759167628,
           "auto_unstuck_ema_dist": -0.05719261194361349,
           "auto_unstuck_qty_pct": 0.04005739893395531,
           "auto_unstuck_wallet_exposure_threshold": 0.24964693215147654,
           "backwards_tp": true,
           "ddown_factor": 1.0747385929960234,
           "ema_span_0": 361.1604005610912,
           "ema_span_1": 22.649215067637822,
           "enabled": false,
           "initial_eprice_ema_dist": -0.044182954128385965,
           "initial_qty_pct": 0.03974013978226297,
           "markup_range": 0.021647345549869752,
           "min_markup": 0.008540481183470967,
           "n_close_orders": 8,
           "rentry_pprice_dist": 0.039888130350536746,
           "rentry_pprice_dist_wallet_exposure_weighting": 8.769330630848986,
           "wallet_exposure_limit": 1.0}}