{"config_name": "recursive_grid_1_symbols_1173days",
 "logging_level": 0,
 "long": {"auto_unstuck_delay_minutes": 774.9742231312451,
          "auto_unstuck_ema_dist": -0.05239105140607952,
          "auto_unstuck_qty_pct": 0.02737052468903149,
          "auto_unstuck_wallet_exposure_threshold": 0.02868224549112824,
          "backwards_tp": false,
          "ddown_factor": 2.824012222669178,
          "ema_span_0": 5197.0578144789315,
          "ema_span_1": 1056.4113374612155,
          "enabled": true,
          "initial_eprice_ema_dist": -0.03450968671333721,
          "initial_qty_pct": 0.007902394302255521,
          "markup_range": 0.024045822552348214,
          "min_markup": 0.0033115464916624736,
          "n_close_orders": 4,
          "rentry_pprice_dist": 0.027293576428969346,
          "rentry_pprice_dist_wallet_exposure_weighting": 0.025355273841693428,
          "wallet_exposure_limit": 1.0},
 "short": {"auto_unstuck_delay_minutes": 1255.6085202648196,
           "auto_unstuck_ema_dist": -0.08940820123567682,
           "auto_unstuck_qty_pct": 0.043338507766948024,
           "auto_unstuck_wallet_exposure_threshold": 0.8302876375808314,
           "backwards_tp": true,
           "ddown_factor": 2.538373960236714,
           "ema_span_0": 1107.610292542898,
           "ema_span_1": 363.4724776942638,
           "enabled": false,
           "initial_eprice_ema_dist": -0.04238197594732495,
           "initial_qty_pct": 0.03812973495587769,
           "markup_range": 0.038826007468070356,
           "min_markup": 0.005368230097861618,
           "n_close_orders": 5,
           "rentry_pprice_dist": 0.007233237902999017,
           "rentry_pprice_dist_wallet_exposure_weighting": 15.490564701639313,
           "wallet_exposure_limit": 1.0}}