{"config_name": "recursive_grid_1_symbols_1173days",
 "logging_level": 0,
 "long": {"auto_unstuck_delay_minutes": 1426.2861061076783,
          "auto_unstuck_ema_dist": -0.043798130711421586,
          "auto_unstuck_qty_pct": 0.013140225378605883,
          "auto_unstuck_wallet_exposure_threshold": 0.09032849059982387,
          "backwards_tp": true,
          "ddown_factor": 1.4648199639076889,
          "ema_span_0": 3889.6948639171787,
          "ema_span_1": 3747.2394114874846,
          "enabled": true,
          "initial_eprice_ema_dist": -0.04010598561332635,
          "initial_qty_pct": 0.0032996419983504738,
          "markup_range": 0.001099696985132311,
          "min_markup": 0.003448549522628578,
          "n_close_orders": 2,
          "rentry_pprice_dist": 0.013762581003519125,
          "rentry_pprice_dist_wallet_exposure_weighting": 1.0118239636427622,
          "wallet_exposure_limit": 1.0},
 "short": {"auto_unstuck_delay_minutes": 259.81235390267176,
           "auto_unstuck_ema_dist": -0.005175058815891212,
           "auto_unstuck_qty_pct": 0.0822386276302488,
           "auto_unstuck_wallet_exposure_threshold": 0.7008060209051251,
           "backwards_tp": true,
           "ddown_factor": 0.6856256617859546,
           "ema_span_0": 474.62140039767263,
           "ema_span_1": 1355.0695915004035,
           "enabled": false,
           "initial_eprice_ema_dist": -0.06824061177069547,
           "initial_qty_pct": 0.03731718637146736,
           "markup_range": 0.010491119426838289,
           "min_markup": 0.0075088078091899635,
           "n_close_orders": 7,
           "rentry_pprice_dist": 0.010551897883464554,
           "rentry_pprice_dist_wallet_exposure_weighting": 19.3720411719292,
           "wallet_exposure_limit": 1.0}}