{"config_name": "SOLUSDT clock long: ADGWE:0.251, ADGWEIGHT:0.240, HrsStuck:87, BKR:0.948, PaDMean/Max:0.018/0.460, Days:900, UnstuckE/C:1665/1164, LPRatio:0.268, Polystd:0.865, EqBalMin:0.678  ", "logging_level": 0, "long": {"backwards_tp": true, "delay_between_fills_minutes_close": 302.0520519255589, "delay_between_fills_minutes_entry": 1031.1761848954725, "delay_weight_close": 69.93563937695998, "delay_weight_entry": 10.748128621591354, "ema_dist_close": 0.00839292398306713, "ema_dist_entry": 0.013346435691915737, "ema_span_0": 625.8501530474055, "ema_span_1": 80.24350894131385, "enabled": true, "markup_range": 0.027341293929637352, "min_markup": 0.08306695734248214, "n_close_orders": 1.680641383995853, "qty_pct_close": 0.5436288910384245, "qty_pct_entry": 0.04527700019418519, "wallet_exposure_limit": 1.0, "we_multiplier_close": 7.168380122984962, "we_multiplier_entry": 17.819407981591564}, "short": {"delay_between_fills_minutes_close": 1172.0, "delay_between_fills_minutes_entry": 1351.0, "delay_weight_close": 2.832, "delay_weight_entry": 15.12, "ema_dist_close": 0.005519, "ema_dist_entry": 0.004033, "ema_span_0": 1251.0, "ema_span_1": 1830.0, "enabled": false, "markup_range": 0.06225, "min_markup": 0.06723, "n_close_orders": 5, "qty_pct_close": 0.06165, "qty_pct_entry": 0.01561, "wallet_exposure_limit": 1.0, "we_multiplier_close": 9.278, "we_multiplier_entry": 49.73}}