{"config_name": "recursive_grid_BTCUSDT_1478days",
 "logging_level": 0,
 "long": {"auto_unstuck_delay_minutes": 0,
          "auto_unstuck_ema_dist": 0.0,
          "auto_unstuck_qty_pct": 0,
          "auto_unstuck_wallet_exposure_threshold": 0.0,
          "backwards_tp": false,
          "ddown_factor": 0.509238449529949,
          "ema_span_0": 1072.8884150591587,
          "ema_span_1": 1372.4443000118792,
          "enabled": true,
          "initial_eprice_ema_dist": -0.07480857948677255,
          "initial_qty_pct": 0.014334865747927632,
          "markup_range": 0.0035817010581842587,
          "min_markup": 0.006414389663301715,
          "n_close_orders": 6,
          "rentry_pprice_dist": 0.04208101522591928,
          "rentry_pprice_dist_wallet_exposure_weighting": 0.11215648036744108,
          "wallet_exposure_limit": 2.0},
 "short": {"auto_unstuck_delay_minutes": 0.0,
           "auto_unstuck_ema_dist": 0.29459950549053276,
           "auto_unstuck_qty_pct": 0.0,
           "auto_unstuck_wallet_exposure_threshold": 0.4938967968031466,
           "backwards_tp": false,
           "ddown_factor": 2.4352795042460302,
           "ema_span_0": 8852.146540376903,
           "ema_span_1": 7283.547019316724,
           "enabled": false,
           "initial_eprice_ema_dist": -0.07416676113802156,
           "initial_qty_pct": 0.040846728757127006,
           "markup_range": 0.01743978621540221,
           "min_markup": 0.031682835203224,
           "n_close_orders": 11,
           "rentry_pprice_dist": 0.04405641859087018,
           "rentry_pprice_dist_wallet_exposure_weighting": 24.643555906663153,
           "wallet_exposure_limit": 0.1}}
