{"config_name": "recursive_grid_DOGEUSDT_1250days",
 "logging_level": 0,
 "long": {"auto_unstuck_delay_minutes": 117.24712654426581,
          "auto_unstuck_ema_dist": 0.0010657894076661855,
          "auto_unstuck_qty_pct": 0.09614323324928212,
          "auto_unstuck_wallet_exposure_threshold": 0.06146879586975872,
          "backwards_tp": true,
          "ddown_factor": 1.3023215580459822,
          "ema_span_0": 118.73553678534094,
          "ema_span_1": 114.67496539773636,
          "enabled": true,
          "initial_eprice_ema_dist": 0.009313596300835347,
          "initial_qty_pct": 0.001,
          "markup_range": 0.0071381153562927275,
          "min_markup": 0.007560249037973143,
          "n_close_orders": 7,
          "rentry_pprice_dist": 0.009142352620600258,
          "rentry_pprice_dist_wallet_exposure_weighting": 1.1599858812268837,
          "wallet_exposure_limit": 1},
 "short": {"auto_unstuck_delay_minutes": 47.53231553757994,
           "auto_unstuck_ema_dist": -0.04748691435336432,
           "auto_unstuck_qty_pct": 0.017524097152205584,
           "auto_unstuck_wallet_exposure_threshold": 0.7866603804904791,
           "backwards_tp": true,
           "ddown_factor": 1.234484205652483,
           "ema_span_0": 303.95817593474106,
           "ema_span_1": 162.05156403818327,
           "enabled": false,
           "initial_eprice_ema_dist": -0.060594134961619125,
           "initial_qty_pct": 0.04865980302738507,
           "markup_range": 0.046200555626358206,
           "min_markup": 0.009983063777383758,
           "n_close_orders": 16,
           "rentry_pprice_dist": 0.005488095529143805,
           "rentry_pprice_dist_wallet_exposure_weighting": 16.76079962041095,
           "wallet_exposure_limit": 1.0}}
