{"config_name": "recursive_grid_HBARUSDT_1000days",
 "logging_level": 0,
 "long": {"auto_unstuck_delay_minutes": 1.0,
          "auto_unstuck_ema_dist": -0.009132849718318322,
          "auto_unstuck_qty_pct": 0.012311851754165706,
          "auto_unstuck_wallet_exposure_threshold": 0.08693083287846105,
          "backwards_tp": true,
          "ddown_factor": 1.0676315879713938,
          "ema_span_0": 639.2372007050079,
          "ema_span_1": 683.2380454890629,
          "enabled": true,
          "initial_eprice_ema_dist": 0.0020551355995693855,
          "initial_qty_pct": 0.001,
          "markup_range": 0.006713191055431742,
          "min_markup": 0.008985425494197296,
          "n_close_orders": 4,
          "rentry_pprice_dist": 0.009784085061937708,
          "rentry_pprice_dist_wallet_exposure_weighting": 2.4765464180034473,
          "wallet_exposure_limit": 1.0},
 "short": {"auto_unstuck_delay_minutes": 540.695164088232,
           "auto_unstuck_ema_dist": -0.07719667078852221,
           "auto_unstuck_qty_pct": 0.043065168085755966,
           "auto_unstuck_wallet_exposure_threshold": 0.7498348924492405,
           "backwards_tp": true,
           "ddown_factor": 2.055187345819605,
           "ema_span_0": 1168.7134749336074,
           "ema_span_1": 1318.6472441273359,
           "enabled": false,
           "initial_eprice_ema_dist": -0.04786291247531891,
           "initial_qty_pct": 0.03943856886710542,
           "markup_range": 0.04752244353922201,
           "min_markup": 0.004604278461012787,
           "n_close_orders": 7,
           "rentry_pprice_dist": 0.029738162630005734,
           "rentry_pprice_dist_wallet_exposure_weighting": 7.006511641055784,
           "wallet_exposure_limit": 1.0}}
