{"config_name": "recursive_grid_XRPUSDT_1425days",
 "logging_level": 0,
 "long": {"auto_unstuck_delay_minutes": 66.74305609124332,
          "auto_unstuck_ema_dist": 0.0011877401181968864,
          "auto_unstuck_qty_pct": 0.018621030676106945,
          "auto_unstuck_wallet_exposure_threshold": 0.09153641679400454,
          "backwards_tp": true,
          "ddown_factor": 1.053866050712503,
          "ema_span_0": 659.0970131312895,
          "ema_span_1": 117.04281406714009,
          "enabled": true,
          "initial_eprice_ema_dist": 0.006167856885598847,
          "initial_qty_pct": 0.001,
          "markup_range": 0.013139470466235866,
          "min_markup": 0.005657206417447391,
          "n_close_orders": 6,
          "rentry_pprice_dist": 0.009786445591058108,
          "rentry_pprice_dist_wallet_exposure_weighting": 2.146376647556578,
          "wallet_exposure_limit": 1.0},
 "short": {"auto_unstuck_delay_minutes": 1214.9217978990016,
           "auto_unstuck_ema_dist": 0.001819505140878148,
           "auto_unstuck_qty_pct": 0.01,
           "auto_unstuck_wallet_exposure_threshold": 0.42064602090224673,
           "backwards_tp": true,
           "ddown_factor": 1.37011971781716,
           "ema_span_0": 309.6507461965509,
           "ema_span_1": 5,
           "enabled": false,
           "initial_eprice_ema_dist": -0.1,
           "initial_qty_pct": 0.05,
           "markup_range": 0.003473962541769589,
           "min_markup": 0.01,
           "n_close_orders": 4,
           "rentry_pprice_dist": 0.009269733648640437,
           "rentry_pprice_dist_wallet_exposure_weighting": 9.234886973861347,
           "wallet_exposure_limit": 1.0}}
