{"config_name": "ADAUSDT clock long: ADGWE:0.298, ADGWEIGHT:0.168, HrsStuck:125, BKR:0.999, PaDMean/Max:0.011/0.645, Days:895, UnstuckE/C:1832/1177, LPRatio:0.299, Polystd:0.982, EqBalMin:0.608  ", "logging_level": 0, "long": {"backwards_tp": true, "delay_between_fills_minutes_close": 339.4994569428859, "delay_between_fills_minutes_entry": 574.7975747896287, "delay_weight_close": 14.492847210239495, "delay_weight_entry": 20.12224702137487, "ema_dist_close": 0.0030172125511370262, "ema_dist_entry": 0.01128869705473286, "ema_span_0": 106.92549785429226, "ema_span_1": 750.3155453037889, "enabled": true, "markup_range": 0.08843594940005763, "min_markup": 0.1, "n_close_orders": 5.278680331267538, "qty_pct_close": 0.9382621318576766, "qty_pct_entry": 0.026397712734904474, "wallet_exposure_limit": 1, "we_multiplier_close": 7.094834535119142, "we_multiplier_entry": 89.57694850821095}, "short": {"delay_between_fills_minutes_close": 1172.0, "delay_between_fills_minutes_entry": 1351.0, "delay_weight_close": 2.832, "delay_weight_entry": 15.12, "ema_dist_close": 0.005519, "ema_dist_entry": 0.004033, "ema_span_0": 1251.0, "ema_span_1": 1830.0, "enabled": false, "markup_range": 0.06225, "min_markup": 0.06723, "n_close_orders": 5, "qty_pct_close": 0.06165, "qty_pct_entry": 0.01561, "wallet_exposure_limit": 1.0, "we_multiplier_close": 9.278, "we_multiplier_entry": 49.73}}