{"config_name": "ALGOUSDT clock long: ADGWE:0.212, ADGWEIGHT:0.189, HrsStuck:145, BKR:0.999, PaDMean/Max:0.016/0.304, Days:895, UnstuckE/C:1625/988, LPRatio:0.177, Polystd:0.969, EqBalMin:0.767  ", "logging_level": 0, "long": {"backwards_tp": true, "delay_between_fills_minutes_close": 359.82456433954417, "delay_between_fills_minutes_entry": 1393.8276815962206, "delay_weight_close": 19.12474647282729, "delay_weight_entry": 15.930788014700639, "ema_dist_close": 0.01254889573441495, "ema_dist_entry": 0.011555121619485943, "ema_span_0": 135.56215712190743, "ema_span_1": 953.294562989884, "enabled": true, "markup_range": 0.038720699378843405, "min_markup": 0.08260530889147213, "n_close_orders": 6.594141447868661, "qty_pct_close": 0.06219476966477037, "qty_pct_entry": 0.01, "wallet_exposure_limit": 1, "we_multiplier_close": 7.110722809885717, "we_multiplier_entry": 65.49309481635994}, "short": {"delay_between_fills_minutes_close": 1172.0, "delay_between_fills_minutes_entry": 1351.0, "delay_weight_close": 2.832, "delay_weight_entry": 15.12, "ema_dist_close": 0.005519, "ema_dist_entry": 0.004033, "ema_span_0": 1251.0, "ema_span_1": 1830.0, "enabled": false, "markup_range": 0.06225, "min_markup": 0.06723, "n_close_orders": 5, "qty_pct_close": 0.06165, "qty_pct_entry": 0.01561, "wallet_exposure_limit": 1.0, "we_multiplier_close": 9.278, "we_multiplier_entry": 49.73}}