{"config_name": "ATOMUSDT clock long: ADGWE:0.405, ADGWEIGHT:0.204, HrsStuck:127, BKR:0.986, PaDMean/Max:0.016/0.662, Days:895, UnstuckE/C:2359/2363, LPRatio:0.171, Polystd:0.869, EqBalMin:0.600  ", "logging_level": 0, "long": {"backwards_tp": true, "delay_between_fills_minutes_close": 309.4697769994371, "delay_between_fills_minutes_entry": 769.1029407300009, "delay_weight_close": 21.654585044619395, "delay_weight_entry": 10.963521827648595, "ema_dist_close": -0.0018214301048135211, "ema_dist_entry": 0.009740963485344005, "ema_span_0": 262.9721706795445, "ema_span_1": 709.9237568580274, "enabled": true, "markup_range": 0.01836893106328036, "min_markup": 0.04888149628219593, "n_close_orders": 15.040452997182436, "qty_pct_close": 0.16594867554515572, "qty_pct_entry": 0.04574725341170945, "wallet_exposure_limit": 1.0, "we_multiplier_close": 1.6052305793396002, "we_multiplier_entry": 82.32146989351017}, "short": {"delay_between_fills_minutes_close": 1172.0, "delay_between_fills_minutes_entry": 1351.0, "delay_weight_close": 2.832, "delay_weight_entry": 15.12, "ema_dist_close": 0.005519, "ema_dist_entry": 0.004033, "ema_span_0": 1251.0, "ema_span_1": 1830.0, "enabled": false, "markup_range": 0.06225, "min_markup": 0.06723, "n_close_orders": 5, "qty_pct_close": 0.06165, "qty_pct_entry": 0.01561, "wallet_exposure_limit": 1.0, "we_multiplier_close": 9.278, "we_multiplier_entry": 49.73}}