{"config_name": "AXSUSDT clock long: ADGWE:0.261, ADGWEIGHT:0.171, HrsStuck:111, BKR:0.991, PaDMean/Max:0.017/0.777, Days:845, UnstuckE/C:1910/1246, LPRatio:0.235, Polystd:0.943, EqBalMin:0.567  ", "logging_level": 0, "long": {"backwards_tp": true, "delay_between_fills_minutes_close": 273.6964280837164, "delay_between_fills_minutes_entry": 433.4444765518572, "delay_weight_close": 0, "delay_weight_entry": 12.060259666696984, "ema_dist_close": 0.0014748994655804331, "ema_dist_entry": 0.015960966037789903, "ema_span_0": 194.37253949956383, "ema_span_1": 716.0884116681884, "enabled": true, "markup_range": 0.07027522027989044, "min_markup": 0.09723902849759854, "n_close_orders": 14.304015664028395, "qty_pct_close": 0.26140247317767884, "qty_pct_entry": 0.019496543464472015, "wallet_exposure_limit": 1, "we_multiplier_close": 1.691083228523361, "we_multiplier_entry": 68.19653227184033}, "short": {"delay_between_fills_minutes_close": 1172.0, "delay_between_fills_minutes_entry": 1351.0, "delay_weight_close": 2.832, "delay_weight_entry": 15.12, "ema_dist_close": 0.005519, "ema_dist_entry": 0.004033, "ema_span_0": 1251.0, "ema_span_1": 1830.0, "enabled": false, "markup_range": 0.06225, "min_markup": 0.06723, "n_close_orders": 5, "qty_pct_close": 0.06165, "qty_pct_entry": 0.01561, "wallet_exposure_limit": 1.0, "we_multiplier_close": 9.278, "we_multiplier_entry": 49.73}}