{"config_name": "AXSUSDT recursive long: ADGWE:0.335, ADGWEIGHT:0.164, HrsStuck:107, BKR:0.993, PaDMean/Max:0.013/0.401, Days:831, Gridspan:13.96, UnstuckE/C:11939/12208, LPRatio:0.191, Polystd:0.990, EqBalMin:0.714  short: ADGWE:0.091, ADGWEIGHT:0.132, HrsStuck:108, BKR:0.170, PaDMean/Max:0.016/0.325, Days:831, Gridspan:20.51, UnstuckE/C:34/57, LPRatio:0.151, Polystd:0.845, EqBalMin:0.289 ", "logging_level": 0, "long": {"auto_unstuck_ema_dist": -0.0067498198494483, "auto_unstuck_wallet_exposure_threshold": 0.005177188181923144, "backwards_tp": true, "ddown_factor": 1.204824809758691, "ema_span_0": 224.4831155889887, "ema_span_1": 235.65050080582466, "enabled": true, "initial_eprice_ema_dist": 0.019616368245883004, "initial_qty_pct": 0.022883264121344605, "markup_range": 0.005211729602992934, "min_markup": 0.00954550289073125, "n_close_orders": 7.840014956989877, "rentry_pprice_dist": 0.018959996006431182, "rentry_pprice_dist_wallet_exposure_weighting": 6.021623069870348, "wallet_exposure_limit": 1}, "short": {"auto_unstuck_ema_dist": 0.011710177050721636, "auto_unstuck_wallet_exposure_threshold": 0.07719114932685547, "backwards_tp": true, "ddown_factor": 0.529384152421056, "ema_span_0": 217.30135771974645, "ema_span_1": 229.35991468147662, "enabled": true, "initial_eprice_ema_dist": 0.012395535416108995, "initial_qty_pct": 0.012681864746017344, "markup_range": 0.0021970210939922926, "min_markup": 0.001496651709610408, "n_close_orders": 9.893196170934695, "rentry_pprice_dist": 0.04611324734782689, "rentry_pprice_dist_wallet_exposure_weighting": 0, "wallet_exposure_limit": 1}}