{"config_name": "BCHUSDT clock long: ADGWE:0.115, ADGWEIGHT:0.057, HrsStuck:83, BKR:0.990, PaDMean/Max:0.010/0.383, Days:895, UnstuckE/C:3261/2627, LPRatio:0.222, Polystd:0.983, EqBalMin:0.721  ", "logging_level": 0, "long": {"backwards_tp": true, "delay_between_fills_minutes_close": 279.51715678465524, "delay_between_fills_minutes_entry": 539.3283746041787, "delay_weight_close": 3.2429172865208624, "delay_weight_entry": 25.626785957481236, "ema_dist_close": -0.036082923865513795, "ema_dist_entry": 0.008723093594431233, "ema_span_0": 147.80115630484883, "ema_span_1": 857.7811175303244, "enabled": true, "markup_range": 0.025452471885500216, "min_markup": 0.09482646924776084, "n_close_orders": 8.888830882008824, "qty_pct_close": 0.7146955082618935, "qty_pct_entry": 0.013631019942013142, "wallet_exposure_limit": 1, "we_multiplier_close": 9.537589524002982, "we_multiplier_entry": 86.24447609707119}, "short": {"delay_between_fills_minutes_close": 1172.0, "delay_between_fills_minutes_entry": 1351.0, "delay_weight_close": 2.832, "delay_weight_entry": 15.12, "ema_dist_close": 0.005519, "ema_dist_entry": 0.004033, "ema_span_0": 1251.0, "ema_span_1": 1830.0, "enabled": false, "markup_range": 0.06225, "min_markup": 0.06723, "n_close_orders": 5, "qty_pct_close": 0.06165, "qty_pct_entry": 0.01561, "wallet_exposure_limit": 1.0, "we_multiplier_close": 9.278, "we_multiplier_entry": 49.73}}