{"config_name": "DOGEUSDT recursive good.  short: ADGWE:0.230, ADGWEIGHT:0.107, HrsStuck:124, BKR:0.481, PaDMean/Max:0.009/0.196, Days:881, Gridspan:9.95, UnstuckE/C:429/3, LPRatio:0.000, Polystd:0.949, EqBalMin:0.757 ", "logging_level": 0, "long": {"auto_unstuck_ema_dist": 0.0021556963511504463,
          "auto_unstuck_wallet_exposure_threshold": 0.07948271478966609,
          "backwards_tp": false,
          "ddown_factor": 2.944346103969382,
          "ema_span_0": 330.05647993167133,
          "ema_span_1": 82.43590803465821,
          "enabled": true,
          "initial_eprice_ema_dist": 0.004410718788922004,
          "initial_qty_pct": 0.022960037289972493,
          "markup_range": 0.026914838177471104,
          "min_markup": 0.0015922044191702895,
          "n_close_orders": 15,
          "rentry_pprice_dist": 0.0177535903900506,
          "rentry_pprice_dist_wallet_exposure_weighting": 1.7141559184685493,
          "wallet_exposure_limit": 1.0}, "short": {"auto_unstuck_ema_dist": 0.08968624238210572, "auto_unstuck_wallet_exposure_threshold": 0.01269546500668799, "backwards_tp": true, "ddown_factor": 2.914936984521997, "ema_span_0": 246.1379842825286, "ema_span_1": 464.48269103900014, "enabled": true, "initial_eprice_ema_dist": -0.005080386909046596, "initial_qty_pct": 0.012034180320447556, "markup_range": 0, "min_markup": 0.0023151073588903183, "n_close_orders": 1, "rentry_pprice_dist": 0.026999461414434146, "rentry_pprice_dist_wallet_exposure_weighting": 4.591544056708661, "wallet_exposure_limit": 1}}
