{"config_name": "DOGEUSDT clock long: ADGWE:0.323, ADGWEIGHT:0.234, HrsStuck:76, BKR:1.000, PaDMean/Max:0.013/0.573, Days:881, UnstuckE/C:2513/1846, LPRatio:0.197, Polystd:0.949, EqBalMin:0.636  ", "logging_level": 0, "long": {"backwards_tp": true, "delay_between_fills_minutes_close": 268.6925298050183, "delay_between_fills_minutes_entry": 824.9538393000275, "delay_weight_close": 43.921507648622544, "delay_weight_entry": 13.513738177408511, "ema_dist_close": 0.0004775367320266711, "ema_dist_entry": 0.005316298298134841, "ema_span_0": 340.66100865662185, "ema_span_1": 1214.4865526626224, "enabled": true, "markup_range": 0.0833978175584707, "min_markup": 0.004293373399891543, "n_close_orders": 14.201961457014635, "qty_pct_close": 0.3538384536294205, "qty_pct_entry": 0.020836721971558052, "wallet_exposure_limit": 1, "we_multiplier_close": 1.6481988447857734, "we_multiplier_entry": 100}, "short": {"delay_between_fills_minutes_close": 1172.0, "delay_between_fills_minutes_entry": 1351.0, "delay_weight_close": 2.832, "delay_weight_entry": 15.12, "ema_dist_close": 0.005519, "ema_dist_entry": 0.004033, "ema_span_0": 1251.0, "ema_span_1": 1830.0, "enabled": false, "markup_range": 0.06225, "min_markup": 0.06723, "n_close_orders": 5, "qty_pct_close": 0.06165, "qty_pct_entry": 0.01561, "wallet_exposure_limit": 1.0, "we_multiplier_close": 9.278, "we_multiplier_entry": 49.73}}