{"config_name": "DOTUSDT clock long: ADGWE:0.300, ADGWEIGHT:0.216, HrsStuck:111, BKR:0.984, PaDMean/Max:0.019/0.301, Days:895, UnstuckE/C:1093/819, LPRatio:0.171, Polystd:0.979, EqBalMin:0.766  ", "logging_level": 0, "long": {"backwards_tp": true, "delay_between_fills_minutes_close": 54.22465962401861, "delay_between_fills_minutes_entry": 1321.9796080247447, "delay_weight_close": 0.9910316373739549, "delay_weight_entry": 6.821181266052887, "ema_dist_close": 0.011198395003574165, "ema_dist_entry": 0.010396404884054838, "ema_span_0": 181.66680118412646, "ema_span_1": 1324.6700018516592, "enabled": true, "markup_range": 0.07505768196832104, "min_markup": 0.05636684990068275, "n_close_orders": 8.150606354058972, "qty_pct_close": 0.46826285046659893, "qty_pct_entry": 0.029827787151682796, "wallet_exposure_limit": 1, "we_multiplier_close": 0, "we_multiplier_entry": 60.96483503294111}, "short": {"delay_between_fills_minutes_close": 1172.0, "delay_between_fills_minutes_entry": 1351.0, "delay_weight_close": 2.832, "delay_weight_entry": 15.12, "ema_dist_close": 0.005519, "ema_dist_entry": 0.004033, "ema_span_0": 1251.0, "ema_span_1": 1830.0, "enabled": false, "markup_range": 0.06225, "min_markup": 0.06723, "n_close_orders": 5, "qty_pct_close": 0.06165, "qty_pct_entry": 0.01561, "wallet_exposure_limit": 1.0, "we_multiplier_close": 9.278, "we_multiplier_entry": 49.73}}