{"config_name": "DYDXUSDT clock long: ADGWE:0.234, ADGWEIGHT:0.219, HrsStuck:89, BKR:0.978, PaDMean/Max:0.011/0.242, Days:551, UnstuckE/C:3507/2141, LPRatio:0.241, Polystd:0.936, EqBalMin:0.806  ", "logging_level": 0, "long": {"backwards_tp": true, "delay_between_fills_minutes_close": 152.18766542474057, "delay_between_fills_minutes_entry": 90.47990247497826, "delay_weight_close": 4.346013339320832, "delay_weight_entry": 18.935206342561543, "ema_dist_close": -0.012669431501693695, "ema_dist_entry": 0.012647973905919225, "ema_span_0": 444.32935414738483, "ema_span_1": 150.7858061667633, "enabled": true, "markup_range": 0.09345533633758141, "min_markup": 0.02758284692512986, "n_close_orders": 2.1696912835029165, "qty_pct_close": 0.24727352142538167, "qty_pct_entry": 0.01, "wallet_exposure_limit": 1, "we_multiplier_close": 5.8901017791615615, "we_multiplier_entry": 91.8741932530744}, "short": {"delay_between_fills_minutes_close": 1172.0, "delay_between_fills_minutes_entry": 1351.0, "delay_weight_close": 2.832, "delay_weight_entry": 15.12, "ema_dist_close": 0.005519, "ema_dist_entry": 0.004033, "ema_span_0": 1251.0, "ema_span_1": 1830.0, "enabled": false, "markup_range": 0.06225, "min_markup": 0.06723, "n_close_orders": 5, "qty_pct_close": 0.06165, "qty_pct_entry": 0.01561, "wallet_exposure_limit": 1.0, "we_multiplier_close": 9.278, "we_multiplier_entry": 49.73}}