{"config_name": "KNCUSDT long WE: 1.0, ADGWE: 0.233, Days: 180, BKR: 0.989, HrsStuck:168, UnstuckE/C: 0/0, PaDMean/Max: 0.027/0.377; short WE: 1.0, ADGWE: 0.360, Days: 180, BKR: 0.722, HrsStuck:302, UnstuckE/C: 0/0, PaDMean/Max: 0.013/0.134",
 "logging_level": 0,
 "long": {"auto_unstuck_ema_dist": 0.0, "auto_unstuck_wallet_exposure_threshold": 0.0, "backwards_tp": true, "ddown_factor": 2.2045151432081296, "ema_span_0": 1098.8783494289896, "ema_span_1": 10080.0, "enabled": true, "initial_eprice_ema_dist": -0.009207729366831468, "initial_qty_pct": 0.04194815312747797, "markup_range": 0.016140989917715648, "min_markup": 0.010006936570335627, "n_close_orders": 11.748692472734403, "rentry_pprice_dist": 0.01317553362978027, "rentry_pprice_dist_wallet_exposure_weighting": 51.69926031010477, "wallet_exposure_limit": 1.0}
 ,
 "short": {"auto_unstuck_ema_dist": 0.0, "auto_unstuck_wallet_exposure_threshold": 0.0, "backwards_tp": true, "ddown_factor": 1.5165713448888685, "ema_span_0": 122.43914415322344, "ema_span_1": 7516.835175789132, "enabled": true, "initial_eprice_ema_dist": -0.027816944232332913, "initial_qty_pct": 0.03509072184819046, "markup_range": 0.0037534308630414633, "min_markup": 0.0022206854803887006, "n_close_orders": 12.079577309618402, "rentry_pprice_dist": 0.006010311126329021, "rentry_pprice_dist_wallet_exposure_weighting": 24.96506498365112, "wallet_exposure_limit": 1.0}
 }
