{"config_name": "KNCUSDT recursive long: ADGWE:0.113, ADGWEIGHT:0.070, HrsStuck:123, BKR:0.998, PaDMean/Max:0.021/0.321, Days:881, Gridspan:34.29, UnstuckE/C:16/0, LPRatio:0.000, Polystd:0.990, EqBalMin:0.757  short: ADGWE:0.123, ADGWEIGHT:0.085, HrsStuck:161, BKR:0.583, PaDMean/Max:0.020/0.197, Days:881, Gridspan:22.84, UnstuckE/C:43/0, LPRatio:0.000, Polystd:0.983, EqBalMin:0.754 ", "logging_level": 0, "long": {"auto_unstuck_ema_dist": 0.06868180904202986, "auto_unstuck_wallet_exposure_threshold": 0.048979916074273724, "backwards_tp": true, "ddown_factor": 1.218768932917563, "ema_span_0": 525.1977553169643, "ema_span_1": 1099.045915916871, "enabled": true, "initial_eprice_ema_dist": 0.014399408360298226, "initial_qty_pct": 0.026219725484098864, "markup_range": 0.0011933869411327467, "min_markup": 0.009177514270588093, "n_close_orders": 15.821281013067045, "rentry_pprice_dist": 0.030411347469161066, "rentry_pprice_dist_wallet_exposure_weighting": 11.875055598746487, "wallet_exposure_limit": 1.0}, "short": {"auto_unstuck_ema_dist": 0.08905148687586582, "auto_unstuck_wallet_exposure_threshold": 0.06913633084918029, "backwards_tp": true, "ddown_factor": 2.079276921359723, "ema_span_0": 399.7778053661093, "ema_span_1": 813.320372157239, "enabled": true, "initial_eprice_ema_dist": 0.010245660270153199, "initial_qty_pct": 0.016500621072640737, "markup_range": 0.010065354384907436, "min_markup": 0.006538032863422495, "n_close_orders": 12.903376483010202, "rentry_pprice_dist": 0.048714237225859464, "rentry_pprice_dist_wallet_exposure_weighting": 9.54722806917243, "wallet_exposure_limit": 1}}