{"config_name": "LINKUSDT clock long: ADGWE:0.243, ADGWEIGHT:0.174, HrsStuck:143, BKR:0.980, PaDMean/Max:0.020/0.248, Days:900, UnstuckE/C:872/480, LPRatio:0.189, Polystd:0.954, EqBalMin:0.801  ", "logging_level": 0, "long": {"backwards_tp": true, "delay_between_fills_minutes_close": 191.15279892972796, "delay_between_fills_minutes_entry": 1374.1402098052556, "delay_weight_close": 23.8190171415759, "delay_weight_entry": 6.259586836202676, "ema_dist_close": 0.018242215635746604, "ema_dist_entry": 0.014619535279751145, "ema_span_0": 397.93241922986624, "ema_span_1": 1440, "enabled": true, "markup_range": 0.056637772855203224, "min_markup": 0.07627614525377117, "n_close_orders": 3.630551606780405, "qty_pct_close": 0.2944985626886721, "qty_pct_entry": 0.027354579873031533, "wallet_exposure_limit": 1, "we_multiplier_close": 2.416117007088399, "we_multiplier_entry": 47.76398358189645}, "short": {"delay_between_fills_minutes_close": 1172.0, "delay_between_fills_minutes_entry": 1351.0, "delay_weight_close": 2.832, "delay_weight_entry": 15.12, "ema_dist_close": 0.005519, "ema_dist_entry": 0.004033, "ema_span_0": 1251.0, "ema_span_1": 1830.0, "enabled": false, "markup_range": 0.06225, "min_markup": 0.06723, "n_close_orders": 5, "qty_pct_close": 0.06165, "qty_pct_entry": 0.01561, "wallet_exposure_limit": 1.0, "we_multiplier_close": 9.278, "we_multiplier_entry": 49.73}}