{"config_name": "MATICUSDT clock long: ADGWE:0.363, ADGWEIGHT:0.175, HrsStuck:56, BKR:0.999, PaDMean/Max:0.013/0.279, Days:860, UnstuckE/C:3373/1698, LPRatio:0.168, Polystd:0.961, EqBalMin:0.782  ", "logging_level": 0, "long": {"backwards_tp": true, "delay_between_fills_minutes_close": 318.05843470207725, "delay_between_fills_minutes_entry": 551.5207003782324, "delay_weight_close": 0, "delay_weight_entry": 22.41153637194133, "ema_dist_close": -0.002151801922813956, "ema_dist_entry": 0.006297519408611039, "ema_span_0": 354.1342271248271, "ema_span_1": 1045.3036388174273, "enabled": true, "markup_range": 0.0032743748156465638, "min_markup": 0.07615085041432887, "n_close_orders": 13.237182546692914, "qty_pct_close": 0.6315545112364043, "qty_pct_entry": 0.01, "wallet_exposure_limit": 1, "we_multiplier_close": 9.253976510820541, "we_multiplier_entry": 67.38706774298812}, "short": {"delay_between_fills_minutes_close": 1172.0, "delay_between_fills_minutes_entry": 1351.0, "delay_weight_close": 2.832, "delay_weight_entry": 15.12, "ema_dist_close": 0.005519, "ema_dist_entry": 0.004033, "ema_span_0": 1251.0, "ema_span_1": 1830.0, "enabled": false, "markup_range": 0.06225, "min_markup": 0.06723, "n_close_orders": 5, "qty_pct_close": 0.06165, "qty_pct_entry": 0.01561, "wallet_exposure_limit": 1.0, "we_multiplier_close": 9.278, "we_multiplier_entry": 49.73}}