{"config_name": "OPUSDT clock long: ADGWE:0.374, ADGWEIGHT:0.559, HrsStuck:130, BKR:0.998, PaDMean/Max:0.013/0.253, Days:291, UnstuckE/C:956/404, LPRatio:0.125, Polystd:0.932, EqBalMin:0.799  ", "logging_level": 0, "long": {"backwards_tp": true, "delay_between_fills_minutes_close": 340.9177825598246, "delay_between_fills_minutes_entry": 168.61633954896882, "delay_weight_close": 35.0128409522668, "delay_weight_entry": 16.30443751396639, "ema_dist_close": 0.004763570441272081, "ema_dist_entry": 0.016004606844114186, "ema_span_0": 213.31203804808715, "ema_span_1": 1005.9870699148258, "enabled": true, "markup_range": 0.01856234170525381, "min_markup": 0.026462263520304175, "n_close_orders": 2.9890429729603905, "qty_pct_close": 0.13772649512479007, "qty_pct_entry": 0.01, "wallet_exposure_limit": 1, "we_multiplier_close": 3.033780139833102, "we_multiplier_entry": 70.51900290701933}, "short": {"delay_between_fills_minutes_close": 1172.0, "delay_between_fills_minutes_entry": 1351.0, "delay_weight_close": 2.832, "delay_weight_entry": 15.12, "ema_dist_close": 0.005519, "ema_dist_entry": 0.004033, "ema_span_0": 1251.0, "ema_span_1": 1830.0, "enabled": false, "markup_range": 0.06225, "min_markup": 0.06723, "n_close_orders": 5, "qty_pct_close": 0.06165, "qty_pct_entry": 0.01561, "wallet_exposure_limit": 1.0, "we_multiplier_close": 9.278, "we_multiplier_entry": 49.73}}