{"config_name": "OPUSDT long WE: 1.0, ADGWE: 0.454, Days: 127, BKR: 0.999, HrsStuck:135, UnstuckE/C: 52/0, PaDMean/Max: 0.018/0.186, short WE: 1.0, ADGWE: 0.208, Days: 127, BKR: 0.510, HrsStuck:153, UnstuckE/C: 2/1, PaDMean/Max: 0.033/0.475",
 "logging_level": 0,
 "long":
{"auto_unstuck_ema_dist": 0.0, "auto_unstuck_wallet_exposure_threshold": 0.0, "backwards_tp": true, "ddown_factor": 2.4706466973297396, "ema_span_0": 898.3416839033025, "ema_span_1": 8086.91745081509, "enabled": true, "initial_eprice_ema_dist": -0.013117427814607069, "initial_qty_pct": 0.02799350492915149, "markup_range": 0.011767051772734731, "min_markup": 0.0024461492417062612, "n_close_orders": 17.535573888121036, "rentry_pprice_dist": 0.008979741224913641, "rentry_pprice_dist_wallet_exposure_weighting": 51.74725184467537, "wallet_exposure_limit": 1.0}
,
 "short":
{"auto_unstuck_ema_dist": 0.0, "auto_unstuck_wallet_exposure_threshold": 0.0, "backwards_tp": true, "ddown_factor": 2.7705507679787433, "ema_span_0": 4016.8150123511596, "ema_span_1": 936.7367790874174, "enabled": true, "initial_eprice_ema_dist": -0.04726822896716079, "initial_qty_pct": 0.01886977278501355, "markup_range": 0.02782835991711152, "min_markup": 0.011164923356645044, "n_close_orders": 16.440412902537027, "rentry_pprice_dist": 0.04388809215228637, "rentry_pprice_dist_wallet_exposure_weighting": 61.77049636143167, "wallet_exposure_limit": 1.0}
 }
