{"config_name": "SANDUSDT long WE: 1.0, ADGWE: 0.258, Days: 181, BKR: 0.996, HrsStuck:123, UnstuckE/C: 0/0, PaDMean/Max: 0.011/0.239; short WE: 1.0, ADGWE: 0.458, Days: 181, BKR: 0.845, HrsStuck:92, UnstuckE/C: 0/0, PaDMean/Max: 0.013/0.075",
 "logging_level": 0,
 "long": {"auto_unstuck_ema_dist": 0.0, "auto_unstuck_wallet_exposure_threshold": 0.0, "backwards_tp": true, "ddown_factor": 1.845049320757763, "ema_span_0": 347.33296072198897, "ema_span_1": 7401.128319712141, "enabled": true, "initial_eprice_ema_dist": -0.028524692493472097, "initial_qty_pct": 0.019787691154928986, "markup_range": 0.004821554022564502, "min_markup": 0.0030105349818069487, "n_close_orders": 12.22437790734538, "rentry_pprice_dist": 0.03397202323398207, "rentry_pprice_dist_wallet_exposure_weighting": 0, "wallet_exposure_limit": 1.0}
 ,
 "short": {"auto_unstuck_ema_dist": 0.0, "auto_unstuck_wallet_exposure_threshold": 0.0, "backwards_tp": true, "ddown_factor": 2.158610525621383, "ema_span_0": 2535.4213183201905, "ema_span_1": 5117.863607736021, "enabled": true, "initial_eprice_ema_dist": -0.0909702811569787, "initial_qty_pct": 0.01696900314897342, "markup_range": 0.005989112659587474, "min_markup": 0.01955655487489729, "n_close_orders": 15.729375393884638, "rentry_pprice_dist": 0.0449669925734223, "rentry_pprice_dist_wallet_exposure_weighting": 0.00024379286486007592, "wallet_exposure_limit": 1.0}
 }
