{"config_name": "v5.8", "logging_level": 0,
"long": {
"auto_unstuck_ema_dist": 0.09441185365480097,
 "auto_unstuck_wallet_exposure_threshold": 0.09093438917593501,
 "backwards_tp": true,
 "ddown_factor": 1.5818942536626606,
 "ema_span_0": 906.5743702088303,
 "ema_span_1": 4030.0613728216385,
 "enabled": true,
 "initial_eprice_ema_dist": -0.014374252805113584,
 "initial_qty_pct": 0.008742007571871975,
 "markup_range": 0.014836014958251828,
 "min_markup": 0.0024256939672999034,
 "n_close_orders": 11.867170643093068,
 "rentry_pprice_dist": 0.02688490528100563,
 "rentry_pprice_dist_wallet_exposure_weighting": 1.9347415306352367,
 "wallet_exposure_limit": 1.0
 },
"short": {
"auto_unstuck_ema_dist": 0.01836237017276185,
 "auto_unstuck_wallet_exposure_threshold": 0.5941791924621358,
 "backwards_tp": true,
 "ddown_factor": 0.4198337250740452,
 "ema_span_0": 4022.262583956983,
 "ema_span_1": 4897.31210683334,
 "enabled": true,
 "initial_eprice_ema_dist": -0.01774921871758962,
 "initial_qty_pct": 0.03564401439577521,
 "markup_range": 0.003269755608360716,
 "min_markup": 0.011853783852896331,
 "n_close_orders": 12.630499941322626,
 "rentry_pprice_dist": 0.035528964212899916,
 "rentry_pprice_dist_wallet_exposure_weighting": 0,
 "wallet_exposure_limit": 1.0
}
}
 
